宠物ID,编号,名称,元素,副属,品质,体型,定位,效果分,HP,攻,防,盾,行动,机制ID,形状,范围,动作,技能,标签,可召,备注
pal_001,No.001,棉角羊,水,龙,青铜,一格,治疗,77,28,8,0,2,3,mech_shield_regen,02 形状02,直线/1格,召唤,buffAllSummons,水、龙、治疗、无、风、基准单点、发育,是,item confirmed；来源=Ambergris；攻击1格；商店关系保留来源节点后补足8店。
pal_002,No.002,灰尾狸,水,地,黄金,两格,治疗,157,58,18,0,6,3,mech_shield_regen,09 形状09,扫击/3格,阻挡,castleReduce,水、地、治疗、无、风、抗压单点、前排、阻挡,—,item confirmed；来源=Anchor；攻击2格；商店关系保留来源节点后补足8店。
pal_003,No.003,芦花鸡,雷,,白银,两格,机动,101,40,12,0,0,5,none,12 形状12,直线/1格,召唤,buffAllSummons,雷、机动、无、风、削弱远点、发育,是,item confirmed；来源=Arbalest；攻击2格；商店关系保留来源节点后补足8店。
pal_004,No.004,青藤鼠,雷,,白银,两格,机动,101,40,12,0,0,5,none,16 形状16,扫击/3格,场地,healAmpBonus,雷、机动、草、风、远点压制、后排、增益,—,item confirmed；来源=Astrolabe；攻击3格；商店关系保留来源节点后补足8店。
pal_005,No.005,赤尾狐,雷,,黄金,三格,输出,146,58,26,0,0,2,mech_grow_atk_each_round,13 形状13,直线/1格,输出,spaceExplosionBonus,雷、输出、火、抗压承伤、爆发、前排,—,item confirmed；来源=Ballista；攻击3格；商店关系保留来源节点后补足8店。
pal_006,No.006,碧水鸭,地,,青铜,两格,坦克,105,42,6,0,6,3,mech_armor_flat,06 形状06,扫击/3格,场地,healAmpBonus,地、坦克、水、毒伤牵制、后排、增益,—,item confirmed；来源=Barrel；攻击2格；商店关系保留来源节点后补足8店。
pal_007,No.007,雷须猫,地,,青铜,一格,输出,79,22,14,0,0,3,mech_grow_atk_each_round,04 形状04,扫击/3格,阻挡,castleReduce,地、输出、雷、风、抗压承伤、前排、阻挡,—,item confirmed；来源=Bayonet；攻击1格；商店关系保留来源节点后补足8店。
pal_008,No.008,藤甲猿,水,,青铜,两格,机动,71,28,6,0,0,5,none,18 形状18,扫击/3格,阻挡,castleReduce,水、机动、草、坦克、风、抗压承伤、防御、前排、阻挡,—,item confirmed；来源=Beach Ball；攻击3格；商店关系保留来源节点后补足8店。
pal_009,No.009,火角鹿,水,,青铜,一格,输出,103,22,14,0,0,3,mech_grow_atk_each_round,01 形状01,直线/1格,输出,spaceExplosionBonus,水、输出、火、火系压制、爆发、前排,—,item confirmed；来源=Bilge Worm；攻击1格；商店关系保留来源节点后补足8店。
pal_010,No.010,霜羽鹭,水,龙,白银,两格,机动,101,40,12,0,0,5,none,05 形状05,扫击/3格,场地,healAmpBonus,水、龙、机动、冰、治疗、水系牵制、后排、增益,—,item confirmed；来源=Bladed Hoverboard；攻击2格；商店关系保留来源节点后补足8店。
pal_011,No.011,冰背獭,草,龙,黄金,一格,控制,136,50,22,0,0,4,mech_counter_damage,06 形状06,扫击/3格,场地,healAmpBonus,草、龙、控制、水、冰、治疗、水系牵制、后排、增益,—,item confirmed；来源=Blowgun；攻击2格；商店关系保留来源节点后补足8店。
pal_012,No.012,电棘鼠,火,雷,黄金,两格,输出,151,52,28,0,0,3,mech_fire_ignite_bonus,17 形状17,T形/5格,牵制,advHitBonus,火、雷、输出、控制、风、风系牵制、牵制、范围、机动,—,item confirmed；来源=Blunderbuss；攻击3格；商店关系保留来源节点后补足8店。
pal_013,No.013,苔甲龟,雷,,青铜,一格,控制,76,26,10,0,0,4,mech_counter_damage,07 形状07,扫击/3格,阻挡,castleReduce,雷、控制、草、地、坦克、土、重甲抗压、防御、前排、阻挡,—,item confirmed；来源=Bolas；攻击2格；商店关系保留来源节点后补足8店。
pal_014,No.014,金钱狸,火,,白银,两格,机动,125,40,12,0,0,5,mech_fire_ignite_bonus,09 形状09,直线/1格,召唤,buffAllSummons,火、机动、无、经济、风、风系铺场、召唤、发育,是,item confirmed；来源=Bonfire；攻击2格；商店关系保留来源节点后补足8店。
pal_015,No.015,黑甲猪,水,,白银,一格,输出,115,34,22,0,0,3,mech_grow_atk_each_round,06 形状06,扫击/3格,阻挡,castleReduce,水、输出、暗、坦克、土、重甲抗压、防御、前排、阻挡,—,item confirmed；来源=Butterfly Swords；攻击2格；商店关系保留来源节点后补足8店。
pal_016,No.016,涧水象,雷,龙,青铜,一格,召唤,69,30,8,0,0,3,mech_grow_shield_each_round,09 形状09,扫击/3格,场地,healAmpBonus,雷、龙、召唤、水、治疗、水系控场、后排、增益,—,item confirmed；来源=Calico；攻击2格；商店关系保留来源节点后补足8店。
pal_017,No.017,黑角犀,火,雷,青铜,两格,输出,111,28,12,0,0,3,mech_fire_ignite_bonus,01 形状01,扫击/3格,阻挡,castleReduce,火、雷、输出、暗、坦克、土、重甲抗压、防御、前排、阻挡,—,item confirmed；来源=Cannon；攻击1格；商店关系保留来源节点后补足8店。
pal_018,No.018,竹囊鼠,雷,,黄金,三格,机动,131,58,16,0,0,5,none,09 形状09,直线/1格,召唤,buffAllSummons,雷、机动、无、经济、风、风系铺场、召唤、发育,是,item confirmed；来源=Cannonade；攻击2格；商店关系保留来源节点后补足8店。
pal_019,No.019,夜穴鼹,雷,,白银,一格,输出,139,34,22,0,0,3,mech_grow_atk_each_round,13 形状13,扫击/3格,阻挡,castleReduce,雷、输出、暗、坦克、土、重甲抗压、防御、前排、阻挡,—,item confirmed；来源=Cannonball；攻击3格；商店关系保留来源节点后补足8店。
pal_020,No.020,沙鬃猪,水,雷,白银,三格,机动,101,46,10,0,0,5,none,08 形状08,扫击/3格,阻挡,castleReduce,水、雷、机动、地、坦克、土、抗压承伤、防御、前排、阻挡,—,item confirmed；来源=Captain's Quarters；攻击2格；商店关系保留来源节点后补足8店。
pal_021,No.021,暮羽鸦,水,龙,白银,两格,机动,101,40,12,0,0,5,none,06 形状06,扫击/3格,阻挡,castleReduce,水、龙、机动、暗、坦克、土、抗压承伤、防御、前排、阻挡,—,item confirmed；来源=Captain's Wheel；攻击2格；商店关系保留来源节点后补足8店。
pal_022,No.022,岩爪鼹,龙,,白银,两格,机动,101,40,12,0,0,5,none,07 形状07,扫击/3格,阻挡,castleReduce,龙、机动、地、坦克、土、抗压承伤、防御、前排、阻挡,—,item confirmed；来源=Card Table；攻击2格；商店关系保留来源节点后补足8店。
pal_023,No.023,墨潭鲵,草,水,青铜,一格,控制,100,26,10,0,0,4,mech_counter_damage,10 形状10,扫击/3格,阻挡,castleReduce,草、水、控制、暗、坦克、土、抗压承伤、防御、前排、阻挡,—,item confirmed；来源=Catfish；攻击2格；商店关系保留来源节点后补足8店。
pal_024,No.024,幽纹猫,火,,白银,两格,控制,106,44,14,0,0,4,mech_fire_ignite_bonus,08 形状08,直线/1格,召唤,buffAllSummons,火、控制、暗、经济、土、土系抗压、召唤、发育,是,item confirmed；来源=Cauterizing Blade；攻击2格；商店关系保留来源节点后补足8店。
pal_025,No.025,泉须鲶,草,水,青铜,一格,经济,61,22,8,0,0,3,none,01 形状01,扫击/3格,场地,healAmpBonus,草、水、经济、治疗、水系牵制、后排、增益,—,item confirmed；来源=Chum；攻击1格；商店关系保留来源节点后补足8店。
pal_026,No.026,疾风狼,水,,白银,一格,控制,154,38,16,0,0,4,mech_counter_damage,11 形状11,直线/1格,召唤,buffAllSummons,水、控制、无、机动、风、抗压承伤、灵活、泛用,是,item confirmed；来源=Clamera；攻击2格；商店关系保留来源节点后补足8店。
pal_027,No.027,惊羽雀,地,,青铜,一格,机动,71,22,8,0,0,5,none,01 形状01,直线/1格,召唤,buffAllSummons,地、机动、无、风、机动压制、灵活、泛用,是,item confirmed；来源=Concealed Dagger；攻击1格；商店关系保留来源节点后补足8店。
pal_028,No.028,药草兔,水,龙,青铜,一格,治疗,77,28,8,0,2,3,mech_shield_regen,03 形状03,扫击/3格,场地,healAmpBonus,水、龙、治疗、草、风、风系铺场、后排、增益,—,item confirmed；来源=Coral；攻击1格；商店关系保留来源节点后补足8店。
pal_029,No.029,黄背牛,水,地,青铜,两格,坦克,161,42,6,0,6,3,mech_armor_flat,01 形状01,直线/1格,召唤,buffAllSummons,水、地、坦克、无、经济、风、诅咒牵制、召唤、发育,是,item confirmed；来源=Coral Armor；攻击1格；商店关系保留来源节点后补足8店。
pal_030,No.030,花刺蛛,水,地,青铜,三格,坦克,100,48,4,0,6,2,mech_armor_flat,03 形状03,扫击/3格,场地,healAmpBonus,水、地、坦克、草、治疗、风、风系铺场、后排、增益,—,item confirmed；来源=Cove；攻击1格；商店关系保留来源节点后补足8店。
pal_031,No.031,青背鲵,水,雷,白银,三格,治疗,136,52,10,0,4,2,mech_shield_regen,12 形状12,扫击/3格,场地,healAmpBonus,水、雷、治疗、抗压承伤、后排、增益,—,item confirmed；来源=Crow's Nest；攻击2格；商店关系保留来源节点后补足8店。
pal_032,No.032,石甲鲮,雷,,白银,一格,机动,101,34,14,0,0,5,none,12 形状12,扫击/3格,阻挡,castleReduce,雷、机动、地、坦克、土、抗压承伤、防御、前排、阻挡,—,item confirmed；来源=Custom Scope；攻击2格；商店关系保留来源节点后补足8店。
pal_033,No.033,芭蕉熊,雷,,青铜,两格,控制,76,32,8,0,0,4,mech_counter_damage,07 形状07,扫击/3格,阻挡,castleReduce,雷、控制、草、坦克、风、抗压承伤、防御、前排、阻挡,—,item confirmed；来源=Cutlass；攻击2格；商店关系保留来源节点后补足8店。
pal_034,No.034,蜜纹獾,雷,,白银,两格,输出,115,40,20,0,0,3,mech_grow_atk_each_round,05 形状05,直线/1格,召唤,buffAllSummons,雷、输出、无、经济、风、远点压制、召唤、发育,是,item confirmed；来源=Cyber-Sai；攻击2格；商店关系保留来源节点后补足8店。
pal_035,No.035,藤巢蜂,水,雷,黄金,三格,控制,136,62,18,0,0,4,mech_death_explosion,18 形状18,直线/1格,召唤,buffAllSummons,水、雷、控制、草、召唤、风、召唤铺场、成长、核心,是,item confirmed；来源=Dam；攻击3格；商店关系保留来源节点后补足8店。
pal_036,No.036,云纹巨驼,火,水,白银,两格,控制,106,44,14,0,0,4,mech_fire_ignite_bonus,11 形状11,直线/1格,召唤,buffAllSummons,火、水、控制、无、经济、风、远点压制、召唤、发育,是,item confirmed；来源=Darkwater Anglerfish；攻击2格；商店关系保留来源节点后补足8店。
pal_037,No.037,月角白鹿,草,,白银,一格,控制,106,38,16,0,0,4,mech_counter_damage,12 形状12,T形/5格,牵制,advHitBonus,草、控制、无、机动、风、机动压制、灵活、泛用,—,item confirmed；来源=Dart Launcher；攻击2格；商店关系保留来源节点后补足8店。
pal_038,No.038,疾风苍鹰,雷,,白银,两格,机动,101,40,12,0,0,5,none,15 形状15,T形/5格,牵制,advHitBonus,雷、机动、无、风、机动压制、灵活、泛用,—,item confirmed；来源=Disguise；攻击3格；商店关系保留来源节点后补足8店。
pal_039,No.039,银背巨兔,水,雷,白银,一格,机动,101,34,14,0,0,5,none,12 形状12,扫击/3格,阻挡,castleReduce,水、雷、机动、无、坦克、风、抗压承伤、防御、前排、阻挡,—,item confirmed；来源=Dive Weights；攻击2格；商店关系保留来源节点后补足8店。
pal_040,No.040,炎角黑羊,水,雷,黄金,两格,坦克,229,66,18,0,14,3,mech_shield_regen,07 形状07,扫击/3格,输出,castleReduce,水、雷、坦克、火、暗、输出、火系压制、爆发、前排,—,item confirmed；来源=Diving Helmet；攻击2格；商店关系保留来源节点后补足8店。
pal_041,No.041,回春彩蝶,水,,白银,两格,控制,106,44,14,0,0,4,mech_counter_damage,16 形状16,T形/4格,场地,healAmpBonus,水、控制、草、治疗、风、远点压制、后排、增益,—,item confirmed；来源=Dock Lines；攻击3格；商店关系保留来源节点后补足8店。
pal_042,No.042,赤焰蛮牛,雷,,青铜,两格,输出,95,28,12,0,0,3,mech_grow_atk_each_round,04 形状04,扫击/3格,输出,castleReduce,雷、输出、火、火系压制、爆发、前排,—,item confirmed；来源=Double Barrel；攻击1格；商店关系保留来源节点后补足8店。
pal_043,No.043,泥甲巨鲶,水,雷,黄金,三格,控制,136,62,18,0,0,4,mech_counter_damage,07 形状07,T形/4格,场地,healAmpBonus,水、雷、控制、地、治疗、土、土系抗压、后排、增益,—,item confirmed；来源=Electric Eels；攻击2格；商店关系保留来源节点后补足8店。
pal_044,No.044,夜羽巨鸦,火,冰,白银,两格,控制,106,44,14,0,0,4,mech_fire_ignite_bonus,06 形状06,扫击/3格,阻挡,castleReduce,火、冰、控制、暗、坦克、土、抗压承伤、防御、前排、阻挡,—,item confirmed；来源=Elemental Depth Charge；攻击2格；商店关系保留来源节点后补足8店。
pal_045,No.045,墨鳞巨蜥,水,龙,白银,两格,机动,101,40,12,0,0,5,none,12 形状12,扫击/3格,阻挡,castleReduce,水、龙、机动、暗、坦克、土、抗压承伤、防御、前排、阻挡,—,item confirmed；来源=Figurehead；攻击2格；商店关系保留来源节点后补足8店。
pal_046,No.046,月镰螳螂,水,,青铜,两格,控制,100,32,8,0,0,4,mech_counter_damage,16 形状16,扫击/3格,阻挡,castleReduce,水、控制、暗、坦克、土、抗压承伤、防御、前排、阻挡,—,item confirmed；来源=Fishing Net；攻击3格；商店关系保留来源节点后补足8店。
pal_047,No.047,裂空苍鹰,水,,青铜,两格,机动,71,28,6,0,0,5,none,16 形状16,T形/5格,牵制,advHitBonus,水、机动、无、风、机动压制、灵活、泛用,—,item confirmed；来源=Fishing Rod；攻击3格；商店关系保留来源节点后补足8店。
pal_048,No.048,木刺豪猪,水,雷,白银,三格,召唤,94,54,10,0,0,2,mech_grow_shield_each_round,10 形状10,T形/4格,场地,healAmpBonus,水、雷、召唤、草、治疗、风、远点压制、后排、增益,—,item confirmed；来源=Flagship；攻击2格；商店关系保留来源节点后补足8店。
pal_049,No.049,铁臂黑猿,水,龙,青铜,一格,机动,71,22,8,0,0,5,none,12 形状12,扫击/3格,阻挡,castleReduce,水、龙、机动、无、坦克、风、抗压承伤、防御、前排、阻挡,—,item confirmed；来源=Flying Fish；攻击2格；商店关系保留来源节点后补足8店。
pal_050,No.050,金甲蜂群,雷,,青铜,一格,输出,79,22,14,0,0,3,mech_grow_atk_each_round,01 形状01,直线/1格,召唤,summonFromCell,雷、输出、草、召唤、风、召唤铺场、成长、核心,是,item confirmed；来源=Grapeshot；攻击1格；商店关系保留来源节点后补足8店。
pal_051,No.051,百花巨蜂,暗,,青铜,一格,控制,76,26,10,0,0,4,mech_counter_damage,19 形状19,T形/4格,场地,healAmpBonus,暗、控制、草、治疗、风、远点压制、后排、增益,—,item confirmed；来源=Grappling Hook；攻击3格；商店关系保留来源节点后补足8店。
pal_052,No.052,笑面山猫,雷,,青铜,一格,输出,79,22,14,0,0,3,mech_grow_atk_each_round,02 形状02,T形/5格,牵制,advHitBonus,雷、输出、无、机动、风、机动压制、灵活、泛用,—,item confirmed；来源=Grenade；攻击1格；商店关系保留来源节点后补足8店。
pal_053,No.053,霜尾雪貂,无,,青铜,一格,输出,79,22,14,0,0,3,mech_grow_atk_each_round,01 形状01,T形/4格,牵制,healAmpBonus,无、输出、冰、控制、水、水系牵制、牵制、范围、机动,—,item confirmed；来源=Handaxe；攻击1格；商店关系保留来源节点后补足8店。
pal_054,No.054,白眉雪猿,水,雷,白银,两格,控制,106,44,14,0,0,4,mech_death_explosion,17 形状17,T形/4格,牵制,healAmpBonus,水、雷、控制、冰、水系牵制、牵制、范围、机动,—,item confirmed；来源=Harpoon；攻击3格；商店关系保留来源节点后补足8店。
pal_055,No.055,寒风幼螭,火,,白银,一格,机动,101,34,14,0,0,5,none,13 形状13,T形/4格,牵制,healAmpBonus,火、机动、冰、龙、控制、水、召唤铺场、牵制、范围,—,item confirmed；来源=Holsters；攻击3格；商店关系保留来源节点后补足8店。
pal_056,No.056,震角雷牛,无,,青铜,一格,输出,79,22,14,0,0,3,mech_grow_atk_each_round,01 形状01,T形/5格,牵制,advHitBonus,无、输出、雷、控制、风、风系牵制、牵制、范围、机动,—,item confirmed；来源=Honing Steel；攻击1格；商店关系保留来源节点后补足8店。
pal_057,No.057,吹雪银狐,冰,,白银,一格,控制,106,38,16,0,0,4,mech_counter_damage,07 形状07,T形/4格,牵制,healAmpBonus,冰、控制、水、水系牵制、牵制、范围、机动,—,item confirmed；来源=Ice Pick；攻击2格；商店关系保留来源节点后补足8店。
pal_058,No.058,丹角火麟,冰,水,钻石,三格,控制,166,74,24,0,0,4,mech_counter_damage,07 形状07,扫击/3格,输出,castleReduce,冰、水、控制、火、输出、火系压制、爆发、前排,—,item confirmed；来源=Iceberg；攻击2格；商店关系保留来源节点后补足8店。
pal_059,No.059,冰角白鹿,水,龙,青铜,一格,控制,76,26,10,0,0,4,mech_counter_damage,12 形状12,T形/4格,牵制,healAmpBonus,水、龙、控制、冰、水系牵制、牵制、范围、机动,—,item confirmed；来源=IllusoRay；攻击2格；商店关系保留来源节点后补足8店。
pal_060,No.060,霹雳战獒,火,,白银,一格,输出,115,34,22,0,0,3,mech_fire_ignite_bonus,08 形状08,T形/5格,牵制,advHitBonus,火、输出、雷、控制、风、风系牵制、牵制、范围、机动,—,item confirmed；来源=Incendiary Rounds；攻击2格；商店关系保留来源节点后补足8店。
pal_061,No.061,苍焰赤豺,雷,,白银,一格,控制,130,38,16,0,0,4,mech_counter_damage,05 形状05,扫击/3格,输出,castleReduce,雷、控制、火、输出、成长输出、爆发、前排,—,item confirmed；来源=Integrated HUD；攻击2格；商店关系保留来源节点后补足8店。
pal_062,No.062,雷纹巨猿,雷,,白银,两格,机动,101,40,12,0,0,5,none,09 形状09,T形/5格,牵制,advHitBonus,雷、机动、控制、风、风系牵制、牵制、范围,—,item confirmed；来源=Javelin；攻击2格；商店关系保留来源节点后补足8店。
pal_063,No.063,蜃雾白鹿,草,水,青铜,一格,控制,76,26,10,0,0,4,mech_counter_damage,06 形状06,直线/1格,召唤,summonFromCell,草、水、控制、无、召唤、风、召唤铺场、成长、核心,是,item confirmed；来源=Jellyfish；攻击2格；商店关系保留来源节点后补足8店。
pal_064,No.064,翠冠花螭,雷,龙,白银,三格,机动,101,46,10,0,0,5,none,06 形状06,直线/1格,召唤,summonFromCell,雷、龙、机动、草、召唤、风、召唤铺场、成长、核心,是,item confirmed；来源=Jetbike；攻击2格；商店关系保留来源节点后补足8店。
pal_065,No.064B,霆角龙犀,暗,,白银,一格,控制,106,38,16,0,0,4,mech_counter_damage,08 形状08,T形/5格,牵制,advHitBonus,暗、控制、雷、龙、风、风系牵制、牵制、范围、机动,—,item confirmed；来源=Jitte；攻击2格；商店关系保留来源节点后补足8店。
pal_066,No.065,浪鳞水蛇,地,,青铜,两格,输出,79,28,12,0,0,3,mech_grow_atk_each_round,04 形状04,T形/4格,场地,healAmpBonus,地、输出、水、治疗、水系牵制、后排、增益,—,item confirmed；来源=Katana；攻击1格；商店关系保留来源节点后补足8店。
pal_067,No.065B,沙鳞巨蟒,雷,龙,白银,一格,输出,147,34,22,0,0,3,mech_grow_atk_each_round,12 形状12,扫击/3格,阻挡,castleReduce,雷、龙、输出、地、坦克、土、召唤铺场、防御、前排、阻挡,—,item confirmed；来源=Korxena Crest；攻击2格；商店关系保留来源节点后补足8店。
pal_068,No.066,食梦黑貘,雷,,白银,一格,控制,138,38,16,0,0,4,mech_counter_damage,11 形状11,扫击/3格,阻挡,castleReduce,雷、控制、暗、坦克、土、抗压承伤、防御、前排、阻挡,—,item confirmed；来源=Kusarigama；攻击2格；商店关系保留来源节点后补足8店。
pal_069,No.067,碎岩巨龟,龙,,青铜,两格,输出,79,28,12,0,0,3,mech_grow_atk_each_round,02 形状02,扫击/3格,阻挡,castleReduce,龙、输出、地、坦克、土、抗压承伤、防御、前排、阻挡,—,item confirmed；来源=Langxian；攻击1格；商店关系保留来源节点后补足8店。
pal_070,No.068,猫翼夜蝠,水,地,青铜,两格,治疗,77,34,6,0,2,3,mech_shield_regen,01 形状01,扫击/3格,阻挡,castleReduce,水、地、治疗、暗、坦克、土、抗压承伤、防御、前排、阻挡,—,item confirmed；来源=Life Preserver；攻击1格；商店关系保留来源节点后补足8店。
pal_071,No.069,甘露壁虎,火,,青铜,一格,输出,79,22,14,0,0,3,mech_fire_ignite_bonus,01 形状01,T形/4格,场地,healAmpBonus,火、输出、无、治疗、风、远点压制、后排、增益,—,item confirmed；来源=Lighter；攻击1格；商店关系保留来源节点后补足8店。
pal_072,No.070,赤巢火蚁,火,水,黄金,三格,控制,168,62,18,0,0,4,mech_fire_ignite_bonus,06 形状06,直线/1格,召唤,summonFromCell,火、水、控制、召唤、召唤铺场、成长、核心,是,item confirmed；来源=Lighthouse；攻击2格；商店关系保留来源节点后补足8店。
pal_073,No.071,烽翼火龙,龙,,白银,两格,经济,91,40,12,0,0,3,none,12 形状12,T形/5格,牵制,advHitBonus,龙、经济、火、暗、机动、火系压制、灵活、泛用,—,item confirmed；来源=Lockbox；攻击2格；商店关系保留来源节点后补足8店。
pal_074,No.071B,霜翼冥龙,火,水,青铜,一格,控制,76,26,10,0,0,4,mech_fire_ignite_bonus,12 形状12,T形/4格,牵制,healAmpBonus,火、水、控制、冰、暗、水系牵制、牵制、范围、机动,—,item confirmed；来源=Mantis Shrimp；攻击2格；商店关系保留来源节点后补足8店。
pal_075,No.072,赤刃螳螂,水,雷,青铜,两格,机动,71,28,6,0,0,5,none,01 形状01,扫击/3格,输出,castleReduce,水、雷、机动、火、输出、火系压制、爆发、前排,—,item confirmed；来源=Marlon；攻击1格；商店关系保留来源节点后补足8店。
pal_076,No.073,迅雷金雕,水,地,白银,一格,坦克,155,48,14,0,10,3,mech_armor_flat,09 形状09,T形/5格,牵制,advHitBonus,水、地、坦克、雷、控制、风、风系牵制、牵制、范围、机动,—,item confirmed；来源=Mr. Richardson；攻击2格；商店关系保留来源节点后补足8店。
pal_077,No.074,燧火黑乌,火,雷,白银,两格,输出,115,40,20,0,0,3,mech_fire_ignite_bonus,09 形状09,T形/5格,牵制,advHitBonus,火、雷、输出、机动、火系压制、灵活、泛用,—,item confirmed；来源=Musket；攻击2格；商店关系保留来源节点后补足8店。
pal_078,No.075,幽泉灵猫,水,龙,青铜,一格,召唤,69,30,8,0,0,3,mech_grow_shield_each_round,09 形状09,T形/4格,场地,healAmpBonus,水、龙、召唤、暗、治疗、土、土系抗压、后排、增益,—,item confirmed；来源=Narwhal；攻击2格；商店关系保留来源节点后补足8店。
pal_079,No.076,焰尾山狐,雷,地,白银,一格,坦克,179,48,14,0,10,3,mech_shield_regen,06 形状06,扫击/3格,输出,castleReduce,雷、地、坦克、火、输出、成长输出、爆发、前排,—,item confirmed；来源=Nesting Doll；攻击2格；商店关系保留来源节点后补足8店。
pal_080,No.077,踏春白兔,水,龙,白银,一格,控制,106,38,16,0,0,4,mech_counter_damage,07 形状07,T形/4格,场地,healAmpBonus,水、龙、控制、草、治疗、风、远点压制、后排、增益,—,item confirmed；来源=Old Saltclaw；攻击2格；商店关系保留来源节点后补足8店。
pal_081,No.078,药香花鹿,火,雷,白银,两格,输出,115,40,20,0,0,3,mech_fire_ignite_bonus,07 形状07,T形/4格,场地,healAmpBonus,火、雷、输出、草、治疗、风、远点压制、后排、增益,—,item confirmed；来源=Oni Mask；攻击2格；商店关系保留来源节点后补足8店。
pal_082,No.079,冰丝巨蛾,龙,,白银,两格,经济,91,40,12,0,0,3,none,12 形状12,T形/4格,场地,healAmpBonus,龙、经济、冰、治疗、水、水系牵制、后排、增益,—,item confirmed；来源=Orange Julian；攻击2格；商店关系保留来源节点后补足8店。
pal_083,No.080,云鳞幼螭,水,雷,青铜,一格,坦克,105,36,8,0,6,3,mech_shield_flat,04 形状04,直线/1格,召唤,summonFromCell,水、雷、坦克、龙、召唤、风、召唤铺场、成长、核心,是,item confirmed；来源=Pearl；攻击1格；商店关系保留来源节点后补足8店。
pal_084,No.080B,沧浪青蛟,火,龙,青铜,一格,机动,71,22,8,0,0,5,mech_fire_ignite_bonus,07 形状07,T形/4格,场地,healAmpBonus,火、龙、机动、水、治疗、水系牵制、后排、增益,—,item confirmed；来源=Pesky Pete；攻击2格；商店关系保留来源节点后补足8店。
pal_085,No.081,涌泉水獭,雷,地,青铜,一格,召唤,69,30,8,0,0,3,mech_grow_shield_each_round,05 形状05,T形/4格,场地,healAmpBonus,雷、地、召唤、水、治疗、水系牵制、后排、增益,—,item confirmed；来源=Pet Rock；攻击2格；商店关系保留来源节点后补足8店。
pal_086,No.081B,赤炎狻猊,龙,,黄金,两格,机动,131,52,18,0,0,5,none,11 形状11,扫击/3格,输出,castleReduce,龙、机动、火、输出、火系压制、爆发、前排,—,item confirmed；来源=Piano；攻击2格；商店关系保留来源节点后补足8店。
pal_087,No.082,碧海青蛟,草,水,青铜,一格,机动,71,22,8,0,0,5,none,01 形状01,T形/4格,场地,healAmpBonus,草、水、机动、龙、治疗、水系牵制、后排、增益,—,item confirmed；来源=Piranha；攻击1格；商店关系保留来源节点后补足8店。
pal_088,No.083,冰棘豪猪,雷,,黄金,两格,输出,167,52,28,0,0,3,mech_grow_atk_each_round,19 形状19,扫击/3格,阻挡,castleReduce,雷、输出、冰、坦克、水、抗压承伤、防御、前排、阻挡,—,item confirmed；来源=Pistol Sword；攻击3格；商店关系保留来源节点后补足8店。
pal_089,No.084,狱火凶獒,火,雷,青铜,一格,输出,127,22,14,0,0,3,mech_fire_ignite_bonus,04 形状04,扫击/3格,输出,castleReduce,火、雷、输出、重甲抗压、爆发、前排,—,item confirmed；来源=Pop Snappers；攻击1格；商店关系保留来源节点后补足8店。
pal_090,No.084B,三首火犬,水,雷,白银,三格,机动,131,46,10,10,0,5,none,18 形状18,扫击/3格,输出,castleReduce,水、雷、机动、火、暗、输出、召唤铺场、爆发、前排,—,item confirmed；来源=Port；攻击3格；商店关系保留来源节点后补足8店。
pal_091,No.085,覆水龙龟,雷,,青铜,一格,输出,119,22,14,0,0,3,mech_grow_atk_each_round,03 形状03,扫击/3格,阻挡,castleReduce,雷、输出、龙、水、坦克、重甲抗压、防御、前排、阻挡,—,item confirmed；来源=Powder Horn；攻击1格；商店关系保留来源节点后补足8店。
pal_092,No.085B,雷泽青蛟,火,水,黄金,两格,治疗,157,58,18,0,6,3,mech_fire_ignite_bonus,09 形状09,T形/5格,牵制,advHitBonus,火、水、治疗、龙、雷、控制、风、风系牵制、牵制、范围、机动,—,item confirmed；来源=Powder Keg；攻击2格；商店关系保留来源节点后补足8店。
pal_093,No.086,连理双鹿,草,水,白银,两格,控制,106,44,14,0,0,4,mech_counter_damage,08 形状08,直线/1格,召唤,summonFromCell,草、水、控制、召唤、风、召唤铺场、成长、核心,是,item confirmed；来源=Pufferfish；攻击2格；商店关系保留来源节点后补足8店。
pal_094,No.086B,海棠水鹿,雷,,青铜,两格,输出,79,28,12,0,0,3,mech_grow_atk_each_round,05 形状05,T形/4格,场地,healAmpBonus,雷、输出、草、水、治疗、水系牵制、后排、增益,—,item confirmed；来源=Ramrod；攻击2格；商店关系保留来源节点后补足8店。
pal_095,No.087,百花灵鹿,雷,,白银,两格,输出,115,40,20,0,0,3,mech_grow_atk_each_round,10 形状10,T形/4格,场地,healAmpBonus,雷、输出、草、治疗、风、远点压制、后排、增益,—,item confirmed；来源=Repeater；攻击2格；商店关系保留来源节点后补足8店。
pal_096,No.088,熔岩巨兽,雷,,青铜,一格,输出,79,22,14,0,0,3,mech_grow_atk_each_round,03 形状03,扫击/3格,阻挡,castleReduce,雷、输出、火、地、坦克、重甲抗压、防御、前排、阻挡,—,item confirmed；来源=Revolver；攻击1格；商店关系保留来源节点后补足8店。
pal_097,No.088B,寒岩巨兽,雷,,青铜,两格,输出,119,28,12,0,0,3,mech_grow_atk_each_round,02 形状02,扫击/3格,阻挡,castleReduce,雷、输出、冰、地、坦克、水、重甲抗压、防御、前排、阻挡,—,item confirmed；来源=Rifle；攻击1格；商店关系保留来源节点后补足8店。
pal_098,No.089,云顶巨驼,水,雷,黄金,两格,机动,131,52,18,0,0,5,none,06 形状06,直线/1格,召唤,buffAllSummons,水、雷、机动、无、经济、风、夹击牵制、召唤、发育,是,item confirmed；来源=Rowboat；攻击2格；商店关系保留来源节点后补足8店。
pal_099,No.089B,冰峰巨驼,草,水,白银,两格,控制,106,44,14,0,0,4,mech_counter_damage,11 形状11,扫击/3格,阻挡,castleReduce,草、水、控制、冰、坦克、抗压承伤、防御、前排、阻挡,—,item confirmed；来源=Scimitar of the Deep；攻击2格；商店关系保留来源节点后补足8店。
pal_100,No.090,青林巨象,水,地,青铜,一格,坦克,105,36,8,0,6,3,mech_shield_regen,04 形状04,扫击/3格,阻挡,castleReduce,水、地、坦克、草、风、重甲抗压、防御、前排、阻挡,—,item confirmed；来源=Sea Shell；攻击1格；商店关系保留来源节点后补足8店。
pal_101,No.090B,白牙雪象,水,龙,白银,三格,控制,154,50,12,0,0,4,mech_counter_damage,10 形状10,扫击/3格,阻挡,castleReduce,水、龙、控制、冰、坦克、重甲抗压、防御、前排、阻挡,—,item confirmed；来源=Seadog's Saloon；攻击2格；商店关系保留来源节点后补足8店。
pal_102,No.091,白绒雪猿,暗,龙,白银,两格,机动,101,40,12,0,0,5,none,05 形状05,扫击/3格,阻挡,castleReduce,暗、龙、机动、冰、坦克、水、抗压承伤、防御、前排、阻挡,—,item confirmed；来源=Seashadow；攻击2格；商店关系保留来源节点后补足8店。
pal_103,No.091B,绿苔巨猿,水,,青铜,一格,治疗,77,28,8,0,2,3,mech_shield_regen,02 形状02,扫击/3格,阻挡,castleReduce,水、治疗、草、坦克、风、抗压承伤、防御、前排、阻挡,—,item confirmed；来源=Seaweed；攻击1格；商店关系保留来源节点后补足8店。
pal_104,No.092,铁甲巨兕,水,雷,白银,两格,机动,101,40,12,0,0,5,none,07 形状07,扫击/3格,阻挡,castleReduce,水、雷、机动、地、草、坦克、土、抗压承伤、防御、前排、阻挡,—,item confirmed；来源=Sextant；攻击2格；商店关系保留来源节点后补足8店。
pal_105,No.093,云海白鹿,水,,青铜,两格,输出,79,28,12,0,0,3,mech_grow_atk_each_round,03 形状03,T形/5格,牵制,advHitBonus,水、输出、无、机动、风、机动压制、灵活、泛用,—,item confirmed；来源=Sharkclaws；攻击1格；商店关系保留来源节点后补足8店。
pal_106,No.094,夜幕巨蝠,草,水,白银,两格,控制,178,44,14,0,0,4,mech_counter_damage,11 形状11,扫击/3格,阻挡,castleReduce,草、水、控制、暗、坦克、土、召唤铺场、防御、前排、阻挡,—,item confirmed；来源=Sharkray；攻击2格；商店关系保留来源节点后补足8店。
pal_107,No.095,天羽云螭,水,龙,钻石,三格,召唤,154,78,22,0,0,2,mech_grow_shield_each_round,12 形状12,T形/5格,牵制,advHitBonus,水、龙、召唤、机动、风、机动压制、灵活、泛用,—,item confirmed；来源=Shipwreck；攻击2格；商店关系保留来源节点后补足8店。
pal_108,No.096,焰羽赤雕,雷,,青铜,一格,输出,79,22,14,0,0,3,mech_grow_atk_each_round,02 形状02,扫击/3格,输出,castleReduce,雷、输出、火、火系重压、爆发、前排,—,item confirmed；来源=Shoe Blade；攻击1格；商店关系保留来源节点后补足8店。
pal_109,No.097,冥羽黑乌,雷,,白银,一格,控制,106,38,16,0,0,4,mech_counter_damage,05 形状05,T形/5格,牵制,advHitBonus,雷、控制、暗、机动、土、土系抗压、灵活、泛用,—,item confirmed；来源=Shot Glasses；攻击2格；商店关系保留来源节点后补足8店。
pal_110,No.098,渊鳞黑蛟,雷,,青铜,两格,输出,153,28,12,6,0,3,mech_grow_atk_each_round,16 形状16,扫击/3格,阻挡,castleReduce,雷、输出、龙、暗、坦克、土、诅咒牵制、防御、前排、阻挡,—,item confirmed；来源=Shovel；攻击3格；商店关系保留来源节点后补足8店。
pal_111,No.099,毒甲蝎将,雷,,青铜,一格,输出,79,22,14,0,0,3,mech_grow_atk_each_round,16 形状16,T形/4格,阻挡,castleReduce,雷、输出、暗、地、坦克、土、抗压承伤、防御、前排、阻挡,—,item confirmed；来源=Shuriken；攻击3格；商店关系保留来源节点后补足8店。
pal_112,No.100,石猿战将,火,冰,黄金,三格,控制,136,62,18,0,0,4,mech_fire_ignite_bonus,10 形状10,扫击/3格,输出,spaceExplosionBonus,火、冰、控制、地、输出、土、土系抗压、爆发、前排,—,item confirmed；来源=Slumbering Primordial；攻击2格；商店关系保留来源节点后补足8店。
pal_113,No.101,覆海蛟王,水,,黄金,两格,输出,151,52,28,0,0,3,mech_grow_atk_each_round,17 形状17,T形/4格,场地,healAmpBonus,水、输出、龙、治疗、水系牵制、后排、增益,—,item confirmed；来源=Sniper Rifle；攻击3格；商店关系保留来源节点后补足8店。
pal_114,No.101B,赤焰龙君,雷,,黄金,两格,控制,136,56,20,0,0,4,mech_counter_damage,15 形状15,扫击/3格,输出,spaceExplosionBonus,雷、控制、龙、火、输出、火系重压、爆发、前排,—,item confirmed；来源=Spyglass；攻击3格；商店关系保留来源节点后补足8店。
pal_115,No.102,南明朱雀,雷,龙,青铜,两格,机动,71,28,6,0,0,5,none,09 形状09,方形/4格,牵制,advHitBonus,雷、龙、机动、火、火系压制、灵活、泛用,—,item confirmed；来源=Star Chart；攻击2格；商店关系保留来源节点后补足8店。
pal_116,No.102B,净瓶青鸾,龙,,白银,三格,机动,101,46,10,0,0,5,none,11 形状11,T形/4格,场地,healAmpBonus,龙、机动、水、治疗、水系牵制、后排、增益,—,item confirmed；来源=Stealth Glider；攻击2格；商店关系保留来源节点后补足8店。
pal_117,No.103,九霄熊王,冰,水,白银,三格,坦克,150,60,10,0,10,2,mech_shield_flat,12 形状12,方形/4格,牵制,advHitBonus,冰、水、坦克、雷、控制、风、风系牵制、牵制、范围、机动,—,item confirmed；来源=Submarine；攻击2格；商店关系保留来源节点后补足8店。
pal_118,No.104,百花鹿仙,水,地,白银,两格,坦克,155,54,12,0,10,3,mech_armor_flat,09 形状09,T形/4格,场地,healAmpBonus,水、地、坦克、草、治疗、风、远点压制、后排、增益,—,item confirmed；来源=Submersible；攻击2格；商店关系保留来源节点后补足8店。
pal_119,No.104B,黑月狐姬,水,,白银,一格,机动,101,34,14,0,0,5,none,08 形状08,T形/4格,场地,healAmpBonus,水、机动、暗、治疗、土、土系抗压、后排、增益,—,item confirmed；来源=Suppressor；攻击2格；商店关系保留来源节点后补足8店。
pal_120,No.105,火云鹏王,水,雷,黄金,两格,治疗,157,58,18,0,6,3,mech_shield_regen,05 形状05,方形/4格,牵制,advHitBonus,水、雷、治疗、火、机动、火系压制、灵活、泛用,—,item confirmed；来源=Swash Buckle；攻击2格；商店关系保留来源节点后补足8店。
pal_121,No.106,雷泽龙王,暗,,青铜,一格,输出,79,22,14,0,0,3,mech_grow_atk_each_round,10 形状10,方形/4格,牵制,advHitBonus,暗、输出、龙、雷、控制、风、风系牵制、牵制、范围、机动,—,item confirmed；来源=Switchblade；攻击2格；商店关系保留来源节点后补足8店。
pal_122,No.107,玄羽雕尊,水,雷,黄金,三格,治疗,152,64,16,0,6,2,mech_shield_regen,05 形状05,方形/4格,牵制,advHitBonus,水、雷、治疗、暗、机动、土、土系抗压、灵活、泛用,—,item confirmed；来源=The Boulder；攻击2格；商店关系保留来源节点后补足8店。
pal_123,No.108,白象护法,雷,,黄金,一格,输出,151,46,30,0,0,3,mech_grow_atk_each_round,13 形状13,T形/4格,阻挡,castleReduce,雷、输出、无、坦克、风、重甲抗压、防御、前排、阻挡,—,item confirmed；来源=Throwing Knives；攻击3格；商店关系保留来源节点后补足8店。
pal_124,No.109,混世魔猿,雷,,青铜,一格,输出,201,22,14,6,0,3,mech_grow_atk_each_round,04 形状04,T形/4格,阻挡,castleReduce,雷、输出、暗、坦克、土、重甲抗压、防御、前排、阻挡,—,item confirmed；来源=Tiny Cutlass；攻击1格；商店关系保留来源节点后补足8店。
pal_125,No.110,寒狮妖王,水,雷,白银,两格,输出,115,40,20,0,0,3,mech_grow_atk_each_round,05 形状05,方形/4格,牵制,advHitBonus,水、雷、输出、冰、控制、水系牵制、牵制、范围、机动,—,item confirmed；来源=Torpedo；攻击2格；商店关系保留来源节点后补足8店。
pal_126,No.110B,幽冥獒王,水,雷,黄金,三格,机动,131,58,16,0,0,5,none,10 形状10,T形/4格,牵制,healAmpBonus,水、雷、机动、暗、控制、土、土系抗压、牵制、范围,—,item confirmed；来源=Tortuga；攻击2格；商店关系保留来源节点后补足8店。
pal_127,No.111,九天龙君,火,雷,白银,三格,机动,101,46,10,0,0,5,mech_fire_ignite_bonus,10 形状10,方形/4格,牵制,advHitBonus,火、雷、机动、龙、风、机动压制、灵活、泛用,—,item confirmed；来源=Trebuchet；攻击2格；商店关系保留来源节点后补足8店。
pal_128,No.128,星貂王,无,,黄金,两格,控制,136,56,20,0,0,4,mech_counter_damage,12 形状12,攻击2格,攻击,bz_van_128,无、控制,—,item confirmed；来源=Tripwire；攻击2格；商店关系保留来源节点后补足8店。
pal_129,No.129,渊鹤王,水,,黄金,三格,治疗,152,64,16,0,6,2,mech_shield_regen,06 形状06,攻击2格,攻击,bz_van_129,水、治疗,—,item confirmed；来源=Tropical Island；攻击2格；商店关系保留来源节点后补足8店。
pal_130,No.130,潮甲君,水,雷,黄金,两格,坦克,205,66,18,0,14,3,mech_shield_flat,05 形状05,攻击2格,攻击,bz_van_130,水、雷、坦克,—,item confirmed；来源=Turtle Shell；攻击2格；商店关系保留来源节点后补足8店。
pal_131,No.131,碧蜂妖,水,雷,白银,一格,召唤,99,42,14,0,0,3,mech_grow_shield_each_round,07 形状07,攻击2格,攻击,bz_van_131,水、雷、召唤,—,item confirmed；来源=Vampire Squid；攻击2格；商店关系保留来源节点后补足8店。
pal_132,No.132,烬隼童,火,水,青铜,两格,输出,79,28,12,0,0,3,mech_fire_ignite_bonus,02 形状02,攻击1格,攻击,bz_van_132,火、水、输出,—,item confirmed；来源=Volcanic Vents；攻击1格；商店关系保留来源节点后补足8店。
pal_133,No.133,雷貉卫,雷,,白银,两格,经济,91,40,12,0,0,3,none,05 形状05,攻击2格,攻击,bz_van_133,雷、经济,—,item confirmed；来源=Wanted Poster；攻击2格；商店关系保留来源节点后补足8店。
pal_134,No.134,沧雀卫,水,雷,白银,三格,机动,101,46,10,0,0,5,none,11 形状11,攻击2格,攻击,bz_van_134,水、雷、机动,—,item confirmed；来源=Water Wheel；攻击2格；商店关系保留来源节点后补足8店。
pal_135,No.135,赤蝎精,火,冰,白银,两格,控制,106,44,14,0,0,4,mech_fire_ignite_bonus,11 形状11,攻击2格,攻击,bz_van_135,火、冰、控制,—,item confirmed；来源=Weather Glass；攻击2格；商店关系保留来源节点后补足8店。
pal_136,No.136,沧熊童,水,地,青铜,两格,坦克,105,42,6,0,6,3,mech_shield_regen,03 形状03,攻击1格,攻击,bz_van_136,水、地、坦克,—,item confirmed；来源=Wetware；攻击1格；商店关系保留来源节点后补足8店。
pal_137,No.137,雪貂童,冰,草,青铜,一格,控制,76,26,10,0,0,4,mech_counter_damage,10 形状10,攻击2格,攻击,bz_van_137,冰、草、控制,—,item confirmed；来源=Yeti Crab；攻击2格；商店关系保留来源节点后补足8店。
pal_138,No.138,烬蜂童,火,水,青铜,一格,机动,71,22,8,0,0,5,mech_fire_ignite_bonus,12 形状12,攻击2格,攻击,bz_van_138,火、水、机动,—,item confirmed；来源=Zoarcid；攻击2格；商店关系保留来源节点后补足8店。
pal_139,No.139,雷鲭王,雷,,黄金,两格,机动,131,52,18,0,0,5,none,11 形状11,攻击2格,攻击,bz_van_139,雷、机动,—,skill confirmed；来源=Alacrity；攻击2格；商店关系保留来源节点后补足8店。
pal_140,No.140,冥雀卫,暗,,白银,两格,经济,91,40,12,0,0,3,none,09 形状09,攻击2格,攻击,bz_van_140,暗、经济,—,skill confirmed；来源=Arbitrage；攻击2格；商店关系保留来源节点后补足8店。
pal_141,No.141,沧鸾仔,水,地,青铜,两格,治疗,77,34,6,0,2,3,mech_shield_regen,01 形状01,攻击1格,攻击,bz_van_141,水、地、治疗,—,skill confirmed；来源=Arms Dealer；攻击1格；商店关系保留来源节点后补足8店。
pal_142,No.142,霆螳灵,雷,,青铜,两格,输出,79,28,12,0,0,3,mech_grow_atk_each_round,04 形状04,攻击1格,攻击,bz_van_142,雷、输出,—,skill confirmed；来源=Artillery Spotter；攻击1格；商店关系保留来源节点后补足8店。
pal_143,No.143,山熊卫,地,龙,白银,两格,坦克,155,54,12,0,10,3,mech_shield_regen,07 形状07,攻击2格,攻击,bz_van_143,地、龙、坦克,—,skill confirmed；来源=Balanced Friendship；攻击2格；商店关系保留来源节点后补足8店。
pal_144,No.144,沧燕侯,水,,黄金,两格,机动,131,52,18,0,0,5,none,05 形状05,攻击2格,攻击,bz_van_144,水、机动,—,skill confirmed；来源=Barnacle Crusted；攻击2格；商店关系保留来源节点后补足8店。
pal_145,No.145,螭蜂妖,龙,,白银,两格,召唤,99,48,12,0,0,3,mech_grow_shield_each_round,10 形状10,攻击2格,攻击,bz_van_145,龙、召唤,—,skill confirmed；来源=Beautiful Friendship；攻击2格；商店关系保留来源节点后补足8店。
pal_146,No.146,沧鲤将,水,地,白银,两格,治疗,117,46,12,0,4,3,mech_shield_regen,11 形状11,攻击2格,攻击,bz_van_146,水、地、治疗,—,skill confirmed；来源=Berserker；攻击2格；商店关系保留来源节点后补足8店。
pal_147,No.147,沙狮神,地,,钻石,两格,输出,187,64,36,0,0,3,mech_grow_atk_each_round,18 形状18,攻击3格,攻击,bz_van_147,地、输出,—,skill confirmed；来源=Big Guns；攻击3格；商店关系保留来源节点后补足8店。
pal_148,No.148,震狼君,雷,,黄金,两格,输出,151,52,28,0,0,3,mech_grow_atk_each_round,16 形状16,攻击3格,攻击,bz_van_148,雷、输出,—,skill confirmed；来源=Big Numbers；攻击3格；商店关系保留来源节点后补足8店。
pal_149,No.149,渊鹿妖,水,雷,白银,两格,治疗,117,46,12,0,4,3,mech_shield_regen,16 形状16,攻击3格,攻击,bz_van_149,水、雷、治疗,—,skill confirmed；来源=Bloodhound；攻击3格；商店关系保留来源节点后补足8店。
pal_150,No.150,汐蝶卫,水,地,白银,两格,治疗,117,46,12,0,4,3,mech_shield_regen,16 形状16,攻击3格,攻击,bz_van_150,水、地、治疗,—,skill confirmed；来源=Bold Under Pressure；攻击3格；商店关系保留来源节点后补足8店。
pal_151,No.151,电鹰君,雷,,黄金,两格,输出,151,52,28,0,0,3,mech_grow_atk_each_round,15 形状15,攻击3格,攻击,bz_van_151,雷、输出,—,skill confirmed；来源=Building Crescendo；攻击3格；商店关系保留来源节点后补足8店。
pal_152,No.152,鸣鳗王,雷,,黄金,两格,控制,136,56,20,0,0,4,mech_counter_damage,10 形状10,攻击2格,攻击,bz_van_152,雷、控制,—,skill confirmed；来源=Bullet Time；攻击2格；商店关系保留来源节点后补足8店。
pal_153,No.153,震狐卫,雷,,白银,两格,机动,101,40,12,0,0,5,none,18 形状18,攻击3格,攻击,bz_van_153,雷、机动,—,skill confirmed；来源=Captain's Charge；攻击3格；商店关系保留来源节点后补足8店。
pal_154,No.154,朱蛛将,火,草,白银,两格,控制,106,44,14,0,0,4,mech_fire_ignite_bonus,05 形状05,攻击2格,攻击,bz_van_154,火、草、控制,—,skill confirmed；来源=Chemical Fire；攻击2格；商店关系保留来源节点后补足8店。
pal_155,No.155,沧鲤祖,水,,钻石,两格,治疗,197,70,24,0,8,3,mech_shield_regen,07 形状07,攻击2格,攻击,bz_van_155,水、治疗,—,skill confirmed；来源=Circle of Life；攻击2格；商店关系保留来源节点后补足8店。
pal_156,No.156,角马王,龙,,黄金,两格,机动,131,52,18,0,0,5,none,12 形状12,攻击2格,攻击,bz_van_156,龙、机动,—,skill confirmed；来源=Command Ship；攻击2格；商店关系保留来源节点后补足8店。
pal_157,No.157,焰鹰妖,火,,白银,两格,输出,115,40,20,0,0,3,mech_fire_ignite_bonus,11 形状11,攻击2格,攻击,bz_van_157,火、输出,—,skill confirmed；来源=Conflagration；攻击2格；商店关系保留来源节点后补足8店。
pal_158,No.158,澜蜂尊,水,,黄金,两格,机动,131,52,18,0,0,5,none,12 形状12,攻击2格,攻击,bz_van_158,水、机动,—,skill confirmed；来源=Crashing Waves；攻击2格；商店关系保留来源节点后补足8店。
pal_159,No.159,凝鳗卫,冰,,白银,两格,控制,106,44,14,0,0,4,mech_counter_damage,06 形状06,攻击2格,攻击,bz_van_159,冰、控制,—,skill confirmed；来源=Creeping Chill；攻击2格；商店关系保留来源节点后补足8店。
pal_160,No.160,青鳗君,草,雷,黄金,两格,控制,136,56,20,0,0,4,mech_counter_damage,09 形状09,攻击2格,攻击,bz_van_160,草、雷、控制,—,skill confirmed；来源=Creeping Toxins；攻击2格；商店关系保留来源节点后补足8店。
pal_161,No.161,电鹰童,雷,,青铜,两格,输出,79,28,12,0,0,3,mech_grow_atk_each_round,01 形状01,攻击1格,攻击,bz_van_161,雷、输出,—,skill confirmed；来源=Deadly Eye；攻击1格；商店关系保留来源节点后补足8店。
pal_162,No.162,澜鲨童,水,,青铜,两格,输出,79,28,12,0,0,3,mech_grow_atk_each_round,04 形状04,攻击1格,攻击,bz_van_162,水、输出,—,skill confirmed；来源=Deadly Waters；攻击1格；商店关系保留来源节点后补足8店。
pal_163,No.163,石甲将,地,,白银,两格,坦克,155,54,12,0,10,3,mech_armor_flat,10 形状10,攻击2格,攻击,bz_van_163,地、坦克,—,skill confirmed；来源=Defensive Stance；攻击2格；商店关系保留来源节点后补足8店。
pal_164,No.164,朱蛛侯,火,草,黄金,两格,控制,136,56,20,0,0,4,mech_fire_ignite_bonus,05 形状05,攻击2格,攻击,bz_van_164,火、草、控制,—,skill confirmed；来源=Denizens of the Deep；攻击2格；商店关系保留来源节点后补足8店。
pal_165,No.165,渊猿王,水,雷,黄金,两格,机动,131,52,18,0,0,5,none,06 形状06,攻击2格,攻击,bz_van_165,水、雷、机动,—,skill confirmed；来源=Depth Charge；攻击2格；商店关系保留来源节点后补足8店。
pal_166,No.166,焰蚌圣,火,冰,钻石,两格,治疗,197,70,24,0,8,3,mech_fire_ignite_bonus,14 形状14,攻击3格,攻击,bz_van_166,火、冰、治疗,—,skill confirmed；来源=Desperate Cleanse；攻击3格；商店关系保留来源节点后补足8店。
pal_167,No.167,渊兔妖,水,雷,白银,两格,治疗,117,46,12,0,4,3,mech_shield_regen,08 形状08,攻击2格,攻击,bz_van_167,水、雷、治疗,—,skill confirmed；来源=Desperate Strike；攻击2格；商店关系保留来源节点后补足8店。
pal_168,No.168,澜兔祖,水,地,钻石,两格,治疗,197,70,24,0,8,3,mech_shield_regen,17 形状17,攻击3格,攻击,bz_van_168,水、地、治疗,—,skill confirmed；来源=Double Down；攻击3格；商店关系保留来源节点后补足8店。
pal_169,No.169,朱鹤将,火,水,白银,两格,治疗,117,46,12,0,4,3,mech_fire_ignite_bonus,15 形状15,攻击3格,攻击,bz_van_169,火、水、治疗,—,skill confirmed；来源=Emergency Burn；攻击3格；商店关系保留来源节点后补足8店。
pal_170,No.170,青蝎卫,草,雷,白银,两格,控制,106,44,14,0,0,4,mech_counter_damage,09 形状09,攻击2格,攻击,bz_van_170,草、雷、控制,—,skill confirmed；来源=Exposing Toxins；攻击2格；商店关系保留来源节点后补足8店。
pal_171,No.171,赤狼童,火,,青铜,两格,输出,79,28,12,0,0,3,mech_fire_ignite_bonus,03 形状03,攻击1格,攻击,bz_van_171,火、输出,—,skill confirmed；来源=Fiery；攻击1格；商店关系保留来源节点后补足8店。
pal_172,No.172,森蟒仔,草,,青铜,两格,控制,76,32,8,0,0,4,mech_counter_damage,12 形状12,攻击2格,攻击,bz_van_172,草、控制,—,skill confirmed；来源=Final Dose；攻击2格；商店关系保留来源节点后补足8店。
pal_173,No.173,燎鹰兽,火,,青铜,两格,输出,79,28,12,0,0,3,mech_fire_ignite_bonus,02 形状02,攻击1格,攻击,bz_van_173,火、输出,—,skill confirmed；来源=Final Flame；攻击1格；商店关系保留来源节点后补足8店。
pal_174,No.174,焰狼将,火,,白银,两格,输出,115,40,20,0,0,3,mech_fire_ignite_bonus,09 形状09,攻击2格,攻击,bz_van_174,火、输出,—,skill confirmed；来源=First Flames；攻击2格；商店关系保留来源节点后补足8店。
pal_175,No.175,电豹尊,雷,,黄金,两格,输出,151,52,28,0,0,3,mech_grow_atk_each_round,14 形状14,攻击3格,攻击,bz_van_175,雷、输出,—,skill confirmed；来源=First Strike；攻击3格；商店关系保留来源节点后补足8店。
pal_176,No.176,电螳精,雷,,白银,两格,输出,115,40,20,0,0,3,mech_grow_atk_each_round,09 形状09,攻击2格,攻击,bz_van_176,雷、输出,—,skill confirmed；来源=Flanking Criticals；攻击2格；商店关系保留来源节点后补足8店。
pal_177,No.177,霆狼卫,雷,,白银,两格,输出,115,40,20,0,0,3,mech_grow_atk_each_round,10 形状10,攻击2格,攻击,bz_van_177,雷、输出,—,skill confirmed；来源=Flashy Mechanic；攻击2格；商店关系保留来源节点后补足8店。
pal_178,No.178,闪鲲妖,雷,龙,白银,两格,召唤,99,48,12,0,0,3,mech_grow_shield_each_round,08 形状08,攻击2格,攻击,bz_van_178,雷、龙、召唤,—,skill confirmed；来源=Flashy Pilot；攻击2格；商店关系保留来源节点后补足8店。
pal_179,No.179,震鹰王,雷,,黄金,两格,输出,151,52,28,0,0,3,mech_grow_atk_each_round,13 形状13,攻击3格,攻击,bz_van_179,雷、输出,—,skill confirmed；来源=Flashy Reload；攻击3格；商店关系保留来源节点后补足8店。
pal_180,No.180,鸣马王,雷,,黄金,两格,机动,131,52,18,0,0,5,none,10 形状10,攻击2格,攻击,bz_van_180,雷、机动,—,skill confirmed；来源=Flurry of Blows；攻击2格；商店关系保留来源节点后补足8店。
pal_181,No.181,碧兔神,水,雷,钻石,两格,治疗,197,70,24,0,8,3,mech_shield_regen,18 形状18,攻击3格,攻击,bz_van_181,水、雷、治疗,—,skill confirmed；来源=Focused Rage；攻击3格；商店关系保留来源节点后补足8店。
pal_182,No.182,渊蚁皇,水,龙,钻石,两格,召唤,159,72,24,0,0,3,mech_grow_shield_each_round,10 形状10,攻击2格,攻击,bz_van_182,水、龙、召唤,—,skill confirmed；来源=Friend of the Sea；攻击2格；商店关系保留来源节点后补足8店。
pal_183,No.183,垒牦灵,地,,青铜,两格,坦克,105,42,6,0,6,3,mech_shield_regen,04 形状04,攻击1格,攻击,bz_van_183,地、坦克,—,skill confirmed；来源=Frontal Shielding；攻击1格；商店关系保留来源节点后补足8店。
pal_184,No.184,雷鹰将,雷,,白银,两格,输出,115,40,20,0,0,3,mech_grow_atk_each_round,05 形状05,攻击2格,攻击,bz_van_184,雷、输出,—,skill confirmed；来源=Frontline Logistics；攻击2格；商店关系保留来源节点后补足8店。
pal_185,No.185,烬鳗将,火,冰,白银,两格,控制,106,44,14,0,0,4,mech_fire_ignite_bonus,06 形状06,攻击2格,攻击,bz_van_185,火、冰、控制,—,skill confirmed；来源=Frostfire；攻击2格；商店关系保留来源节点后补足8店。
pal_186,No.186,角豹神,龙,,钻石,两格,输出,187,64,36,0,0,3,mech_grow_atk_each_round,19 形状19,攻击3格,攻击,bz_van_186,龙、输出,—,skill confirmed；来源=Glass Cannon；攻击3格；商店关系保留来源节点后补足8店。
pal_187,No.187,雷鹰卫,雷,,白银,两格,输出,115,40,20,0,0,3,mech_grow_atk_each_round,07 形状07,攻击2格,攻击,bz_van_187,雷、输出,—,skill confirmed；来源=Gunner；攻击2格；商店关系保留来源节点后补足8店。
pal_188,No.188,岩獒精,地,,白银,两格,坦克,155,54,12,0,10,3,mech_shield_flat,09 形状09,攻击2格,攻击,bz_van_188,地、坦克,—,skill confirmed；来源=Hardened Shield；攻击2格；商店关系保留来源节点后补足8店。
pal_189,No.189,烬鹿祖,火,草,钻石,两格,治疗,197,70,24,0,8,3,mech_fire_ignite_bonus,16 形状16,攻击3格,攻击,bz_van_189,火、草、治疗,—,skill confirmed；来源=Healthy Heart；攻击3格；商店关系保留来源节点后补足8店。
pal_190,No.190,潮鹤精,水,地,白银,两格,治疗,117,46,12,0,4,3,mech_shield_regen,11 形状11,攻击2格,攻击,bz_van_190,水、地、治疗,—,skill confirmed；来源=Healthy Jolt；攻击2格；商店关系保留来源节点后补足8店。
pal_191,No.191,焰豹将,火,雷,白银,两格,输出,115,40,20,0,0,3,mech_fire_ignite_bonus,11 形状11,攻击2格,攻击,bz_van_191,火、雷、输出,—,skill confirmed；来源=Heated Shells；攻击2格；商店关系保留来源节点后补足8店。
pal_192,No.192,赤鼋妖,火,地,白银,两格,坦克,155,54,12,0,10,3,mech_fire_ignite_bonus,09 形状09,攻击2格,攻击,bz_van_192,火、地、坦克,—,skill confirmed；来源=Heavy Firepower；攻击2格；商店关系保留来源节点后补足8店。
pal_193,No.193,雷狼卫,雷,,白银,两格,输出,115,40,20,0,0,3,mech_grow_atk_each_round,05 形状05,攻击2格,攻击,bz_van_193,雷、输出,—,skill confirmed；来源=Honed Arsenal；攻击2格；商店关系保留来源节点后补足8店。
pal_194,No.194,电虎侯,雷,,黄金,两格,输出,151,52,28,0,0,3,mech_grow_atk_each_round,13 形状13,攻击3格,攻击,bz_van_194,雷、输出,—,skill confirmed；来源=Honed Strike；攻击3格；商店关系保留来源节点后补足8店。
pal_195,No.195,燎狼将,火,,白银,两格,输出,115,40,20,0,0,3,mech_fire_ignite_bonus,08 形状08,攻击2格,攻击,bz_van_195,火、输出,—,skill confirmed；来源=Hot Spot；攻击2格；商店关系保留来源节点后补足8店。
pal_196,No.196,凛鳗王,冰,雷,黄金,两格,控制,136,56,20,0,0,4,mech_counter_damage,09 形状09,攻击2格,攻击,bz_van_196,冰、雷、控制,—,skill confirmed；来源=Ice Bullets；攻击2格；商店关系保留来源节点后补足8店。
pal_197,No.197,寒狐祖,冰,,钻石,两格,控制,166,68,26,0,0,4,mech_counter_damage,17 形状17,攻击3格,攻击,bz_van_197,冰、控制,—,skill confirmed；来源=Ice Smasher；攻击3格；商店关系保留来源节点后补足8店。
pal_198,No.198,赤虎仔,火,,青铜,两格,输出,79,28,12,0,0,3,mech_fire_ignite_bonus,01 形状01,攻击1格,攻击,bz_van_198,火、输出,—,skill confirmed；来源=Immolating Spark；攻击1格；商店关系保留来源节点后补足8店。
pal_199,No.199,藤貂仔,草,,青铜,两格,控制,76,32,8,0,0,4,mech_counter_damage,06 形状06,攻击2格,攻击,bz_van_199,草、控制,—,skill confirmed；来源=Improved Toxins；攻击2格；商店关系保留来源节点后补足8店。
pal_200,No.200,烬豹侯,火,雷,黄金,两格,输出,151,52,28,0,0,3,mech_fire_ignite_bonus,13 形状13,攻击3格,攻击,bz_van_200,火、雷、输出,—,skill confirmed；来源=Improvised Burn；攻击3格；商店关系保留来源节点后补足8店。
pal_201,No.201,潮鸾卫,水,雷,白银,两格,治疗,117,46,12,0,4,3,mech_shield_regen,07 形状07,攻击2格,攻击,bz_van_201,水、雷、治疗,—,skill confirmed；来源=Improvised Heal；攻击2格；商店关系保留来源节点后补足8店。
pal_202,No.202,苔狐侯,草,雷,黄金,两格,控制,136,56,20,0,0,4,mech_counter_damage,05 形状05,攻击2格,攻击,bz_van_202,草、雷、控制,—,skill confirmed；来源=Improvised Poison；攻击2格；商店关系保留来源节点后补足8店。
pal_203,No.203,霆熊卫,雷,地,白银,两格,坦克,155,54,12,0,10,3,mech_armor_flat,08 形状08,攻击2格,攻击,bz_van_203,雷、地、坦克,—,skill confirmed；来源=Improvised Protection；攻击2格；商店关系保留来源节点后补足8店。
pal_204,No.204,闪鲨将,雷,,白银,两格,输出,115,40,20,0,0,3,mech_grow_atk_each_round,06 形状06,攻击2格,攻击,bz_van_204,雷、输出,—,skill confirmed；来源=Improvised Weaponry；攻击2格；商店关系保留来源节点后补足8店。
pal_205,No.205,雷隼卫,雷,,白银,两格,输出,115,40,20,0,0,3,mech_grow_atk_each_round,11 形状11,攻击2格,攻击,bz_van_205,雷、输出,—,skill confirmed；来源=Inexorable；攻击2格；商店关系保留来源节点后补足8店。
pal_206,No.206,霜狐卫,冰,,白银,两格,控制,106,44,14,0,0,4,mech_counter_damage,05 形状05,攻击2格,攻击,bz_van_206,冰、控制,—,skill confirmed；来源=Initial Chill；攻击2格；商店关系保留来源节点后补足8店。
pal_207,No.207,森蛇童,草,,青铜,两格,控制,76,32,8,0,0,4,mech_counter_damage,08 形状08,攻击2格,攻击,bz_van_207,草、控制,—,skill confirmed；来源=Initial Dose；攻击2格；商店关系保留来源节点后补足8店。
pal_208,No.208,冰蛙将,冰,,白银,两格,控制,106,44,14,0,0,4,mech_counter_damage,17 形状17,攻击3格,攻击,bz_van_208,冰、控制,—,skill confirmed；来源=Invigorating Cold；攻击3格；商店关系保留来源节点后补足8店。
pal_209,No.209,夜貉精,暗,,白银,两格,经济,91,40,12,0,0,3,none,12 形状12,攻击2格,攻击,bz_van_209,暗、经济,—,skill confirmed；来源=Iron Sharpens Iron；攻击2格；商店关系保留来源节点后补足8店。
pal_210,No.210,震豹童,雷,,青铜,两格,输出,79,28,12,0,0,3,mech_grow_atk_each_round,03 形状03,攻击1格,攻击,bz_van_210,雷、输出,—,skill confirmed；来源=Keen Eye；攻击1格；商店关系保留来源节点后补足8店。
pal_211,No.211,夜雀皇,暗,,钻石,两格,机动,161,64,24,0,0,5,none,10 形状10,攻击2格,攻击,bz_van_211,暗、机动,—,skill confirmed；来源=Knife Tricks；攻击2格；商店关系保留来源节点后补足8店。
pal_212,No.212,沧鹤妖,水,地,白银,两格,治疗,117,46,12,0,4,3,mech_shield_regen,07 形状07,攻击2格,攻击,bz_van_212,水、地、治疗,—,skill confirmed；来源=Large Appetites；攻击2格；商店关系保留来源节点后补足8店。
pal_213,No.213,震鹰童,雷,,青铜,两格,输出,79,28,12,0,0,3,mech_grow_atk_each_round,01 形状01,攻击1格,攻击,bz_van_213,雷、输出,—,skill confirmed；来源=Left Eye；攻击1格；商店关系保留来源节点后补足8店。
pal_214,No.214,角鲨兽,龙,,青铜,两格,输出,79,28,12,0,0,3,mech_grow_atk_each_round,04 形状04,攻击1格,攻击,bz_van_214,龙、输出,—,skill confirmed；来源=Left-Handed；攻击1格；商店关系保留来源节点后补足8店。
pal_215,No.215,角隼尊,龙,,黄金,两格,机动,131,52,18,0,0,5,none,12 形状12,攻击2格,攻击,bz_van_215,龙、机动,—,skill confirmed；来源=Lefty Loosey；攻击2格；商店关系保留来源节点后补足8店。
pal_216,No.216,霆鲭将,雷,,白银,两格,机动,101,40,12,0,0,5,none,16 形状16,攻击3格,攻击,bz_van_216,雷、机动,—,skill confirmed；来源=Lethargy；攻击3格；商店关系保留来源节点后补足8店。
pal_217,No.217,震雀将,雷,,白银,两格,经济,91,40,12,0,0,3,none,09 形状09,攻击2格,攻击,bz_van_217,雷、经济,—,skill confirmed；来源=Lifting；攻击2格；商店关系保留来源节点后补足8店。
pal_218,No.218,赤鹤皇,火,水,钻石,两格,治疗,197,70,24,0,8,3,mech_fire_ignite_bonus,17 形状17,攻击3格,攻击,bz_van_218,火、水、治疗,—,skill confirmed；来源=Living Flame；攻击3格；商店关系保留来源节点后补足8店。
pal_219,No.219,霆狼妖,雷,,白银,两格,输出,115,40,20,0,0,3,mech_grow_atk_each_round,08 形状08,攻击2格,攻击,bz_van_219,雷、输出,—,skill confirmed；来源=Loaded Fury；攻击2格；商店关系保留来源节点后补足8店。
pal_220,No.220,碧雀君,水,,黄金,两格,机动,131,52,18,0,0,5,none,11 形状11,攻击2格,攻击,bz_van_220,水、机动,—,skill confirmed；来源=Master Diver；攻击2格；商店关系保留来源节点后补足8店。
pal_221,No.221,霆虎神,雷,,钻石,两格,输出,187,64,36,0,0,3,mech_grow_atk_each_round,14 形状14,攻击3格,攻击,bz_van_221,雷、输出,—,skill confirmed；来源=Master Sniper；攻击3格；商店关系保留来源节点后补足8店。
pal_222,No.222,雷猿王,雷,,黄金,两格,机动,131,52,18,0,0,5,none,11 形状11,攻击2格,攻击,bz_van_222,雷、机动,—,skill confirmed；来源=Mixed Message；攻击2格；商店关系保留来源节点后补足8店。
pal_223,No.223,燎蚌皇,火,水,钻石,两格,治疗,197,70,24,0,8,3,mech_fire_ignite_bonus,10 形状10,攻击2格,攻击,bz_van_223,火、水、治疗,—,skill confirmed；来源=Moth to a Flame；攻击2格；商店关系保留来源节点后补足8店。
pal_224,No.224,夜蝎卫,暗,,白银,两格,控制,106,44,14,0,0,4,mech_counter_damage,14 形状14,攻击3格,攻击,bz_van_224,暗、控制,—,skill confirmed；来源=Net Launcher；攻击3格；商店关系保留来源节点后补足8店。
pal_225,No.225,星隼精,无,,白银,两格,输出,115,40,20,0,0,3,mech_grow_atk_each_round,17 形状17,攻击3格,攻击,bz_van_225,无、输出,—,skill confirmed；来源=Noisy Cricket；攻击3格；商店关系保留来源节点后补足8店。
pal_226,No.226,潮雀妖,水,,白银,两格,机动,101,40,12,0,0,5,none,11 形状11,攻击2格,攻击,bz_van_226,水、机动,—,skill confirmed；来源=Oceanic Rush；攻击2格；商店关系保留来源节点后补足8店。
pal_227,No.227,蛟蛙侯,龙,,黄金,两格,控制,136,56,20,0,0,4,mech_counter_damage,09 形状09,攻击2格,攻击,bz_van_227,龙、控制,—,skill confirmed；来源=Outmaneuver；攻击2格；商店关系保留来源节点后补足8店。
pal_228,No.228,凛蝎卫,冰,草,白银,两格,控制,106,44,14,0,0,4,mech_counter_damage,08 形状08,攻击2格,攻击,bz_van_228,冰、草、控制,—,skill confirmed；来源=Paralytic Poison；攻击2格；商店关系保留来源节点后补足8店。
pal_229,No.229,闪狼侯,雷,,黄金,两格,输出,151,52,28,0,0,3,mech_grow_atk_each_round,17 形状17,攻击3格,攻击,bz_van_229,雷、输出,—,skill confirmed；来源=Parting Shot；攻击3格；商店关系保留来源节点后补足8店。
pal_230,No.230,震隼灵,雷,,青铜,两格,输出,79,28,12,0,0,3,mech_grow_atk_each_round,01 形状01,攻击1格,攻击,bz_van_230,雷、输出,—,skill confirmed；来源=Peaceful Eye；攻击1格；商店关系保留来源节点后补足8店。
pal_231,No.231,苔蛛将,草,,白银,两格,控制,106,44,14,0,0,4,mech_counter_damage,07 形状07,攻击2格,攻击,bz_van_231,草、控制,—,skill confirmed；来源=Poisonous Opener；攻击2格；商店关系保留来源节点后补足8店。
pal_232,No.232,汐羊王,水,雷,黄金,两格,治疗,157,58,18,0,6,3,mech_shield_regen,08 形状08,攻击2格,攻击,bz_van_232,水、雷、治疗,—,skill confirmed；来源=Quality over Quantity；攻击2格；商店关系保留来源节点后补足8店。
pal_233,No.233,山象王,地,,黄金,两格,坦克,205,66,18,0,14,3,mech_shield_regen,11 形状11,攻击2格,攻击,bz_van_233,地、坦克,—,skill confirmed；来源=Quick Defenses；攻击2格；商店关系保留来源节点后补足8店。
pal_234,No.234,寒蟒卫,冰,,白银,两格,控制,106,44,14,0,0,4,mech_counter_damage,09 形状09,攻击2格,攻击,bz_van_234,冰、控制,—,skill confirmed；来源=Quick Freeze；攻击2格；商店关系保留来源节点后补足8店。
pal_235,No.235,朱鲭将,火,,白银,两格,机动,101,40,12,0,0,5,mech_fire_ignite_bonus,09 形状09,攻击2格,攻击,bz_van_235,火、机动,—,skill confirmed；来源=Quick Ignition；攻击2格；商店关系保留来源节点后补足8店。
pal_236,No.236,寒鹰祖,冰,,钻石,两格,输出,187,64,36,0,0,3,mech_grow_atk_each_round,15 形状15,攻击3格,攻击,bz_van_236,冰、输出,—,skill confirmed；来源=Re-Tooled；攻击3格；商店关系保留来源节点后补足8店。
pal_237,No.237,寒蝎尊,冰,雷,黄金,两格,控制,136,56,20,0,0,4,mech_counter_damage,07 形状07,攻击2格,攻击,bz_van_237,冰、雷、控制,—,skill confirmed；来源=Reaching the Summit；攻击2格；商店关系保留来源节点后补足8店。
pal_238,No.238,石甲兽,地,,青铜,两格,坦克,105,42,6,0,6,3,mech_armor_flat,02 形状02,攻击1格,攻击,bz_van_238,地、坦克,—,skill confirmed；来源=Rear Shielding；攻击1格；商店关系保留来源节点后补足8店。
pal_239,No.239,沧鹤神,水,地,钻石,两格,治疗,197,70,24,0,8,3,mech_shield_regen,13 形状13,攻击3格,攻击,bz_van_239,水、地、治疗,—,skill confirmed；来源=Reel 'Em In；攻击3格；商店关系保留来源节点后补足8店。
pal_240,No.240,碧蚌将,水,,白银,两格,治疗,117,46,12,0,4,3,mech_shield_regen,11 形状11,攻击2格,攻击,bz_van_240,水、治疗,—,skill confirmed；来源=Regenerative；攻击2格；商店关系保留来源节点后补足8店。
pal_241,No.241,墨蝎王,暗,,黄金,两格,控制,136,56,20,0,0,4,mech_death_explosion,06 形状06,攻击2格,攻击,bz_van_241,暗、控制,—,skill confirmed；来源=Repair Mechanic；攻击2格；商店关系保留来源节点后补足8店。
pal_242,No.242,鸣螳仔,雷,,青铜,两格,输出,79,28,12,0,0,3,mech_grow_atk_each_round,02 形状02,攻击1格,攻击,bz_van_242,雷、输出,—,skill confirmed；来源=Right Eye；攻击1格；商店关系保留来源节点后补足8店。
pal_243,No.243,岩豹兽,地,,青铜,两格,输出,79,28,12,0,0,3,mech_grow_atk_each_round,01 形状01,攻击1格,攻击,bz_van_243,地、输出,—,skill confirmed；来源=Right-Handed；攻击1格；商店关系保留来源节点后补足8店。
pal_244,No.244,雷蛛妖,雷,,白银,两格,控制,106,44,14,0,0,4,mech_counter_damage,09 形状09,攻击2格,攻击,bz_van_244,雷、控制,—,skill confirmed；来源=Righty Tighty；攻击2格；商店关系保留来源节点后补足8店。
pal_245,No.245,角蛙君,龙,,黄金,两格,控制,136,56,20,0,0,4,mech_counter_damage,10 形状10,攻击2格,攻击,bz_van_245,龙、控制,—,skill confirmed；来源=Sabotage；攻击2格；商店关系保留来源节点后补足8店。
pal_246,No.246,燎隼精,火,,白银,两格,机动,101,40,12,0,0,5,mech_fire_ignite_bonus,10 形状10,攻击2格,攻击,bz_van_246,火、机动,—,skill confirmed；来源=Searing Flames；攻击2格；商店关系保留来源节点后补足8店。
pal_247,No.247,潮羊卫,水,地,白银,两格,治疗,117,46,12,0,4,3,mech_shield_regen,11 形状11,攻击2格,攻击,bz_van_247,水、地、治疗,—,skill confirmed；来源=Second Wind；攻击2格；商店关系保留来源节点后补足8店。
pal_248,No.248,岳熊精,地,,白银,两格,坦克,155,54,12,0,10,3,mech_armor_flat,09 形状09,攻击2格,攻击,bz_van_248,地、坦克,—,skill confirmed；来源=Sharp Corners；攻击2格；商店关系保留来源节点后补足8店。
pal_249,No.249,霆鲨皇,雷,,钻石,两格,输出,187,64,36,0,0,3,mech_grow_atk_each_round,17 形状17,攻击3格,攻击,bz_van_249,雷、输出,—,skill confirmed；来源=Sharpshooter；攻击3格；商店关系保留来源节点后补足8店。
pal_250,No.250,霜貂卫,冰,,白银,两格,控制,106,44,14,0,0,4,mech_counter_damage,11 形状11,攻击2格,攻击,bz_van_250,冰、控制,—,skill confirmed；来源=Shatter；攻击2格；商店关系保留来源节点后补足8店。
pal_251,No.251,霆牦王,雷,地,黄金,两格,坦克,205,66,18,0,14,3,mech_armor_flat,06 形状06,攻击2格,攻击,bz_van_251,雷、地、坦克,—,skill confirmed；来源=Shield Bash；攻击2格；商店关系保留来源节点后补足8店。
pal_252,No.252,炎蛛尊,火,草,黄金,两格,控制,136,56,20,0,0,4,mech_fire_ignite_bonus,12 形状12,攻击2格,攻击,bz_van_252,火、草、控制,—,skill confirmed；来源=Sick Burn；攻击2格；商店关系保留来源节点后补足8店。
pal_253,No.253,炎鳗精,火,,白银,两格,控制,106,44,14,0,0,4,mech_counter_damage,06 形状06,攻击2格,攻击,bz_van_253,火、控制,—,skill confirmed；来源=Slow and Steady；攻击2格；商店关系保留来源节点后补足8店。
pal_254,No.254,赤蟒王,火,雷,黄金,两格,控制,136,56,20,0,0,4,mech_fire_ignite_bonus,11 形状11,攻击2格,攻击,bz_van_254,火、雷、控制,—,skill confirmed；来源=Slow Burn；攻击2格；商店关系保留来源节点后补足8店。
pal_255,No.255,电蟒精,雷,,白银,两格,控制,106,44,14,0,0,4,mech_counter_damage,07 形状07,攻击2格,攻击,bz_van_255,雷、控制,—,skill confirmed；来源=Slowed Targets；攻击2格；商店关系保留来源节点后补足8店。
pal_256,No.256,震隼将,雷,,白银,两格,机动,101,40,12,0,0,5,none,07 形状07,攻击2格,攻击,bz_van_256,雷、机动,—,skill confirmed；来源=Static Acceleration；攻击2格；商店关系保留来源节点后补足8店。
pal_257,No.257,翠隼将,草,,白银,两格,输出,115,40,20,0,0,3,mech_grow_atk_each_round,10 形状10,攻击2格,攻击,bz_van_257,草、输出,—,skill confirmed；来源=Steelstorm；攻击2格；商店关系保留来源节点后补足8店。
pal_258,No.258,汐蝶精,水,地,白银,两格,治疗,117,46,12,0,4,3,mech_shield_regen,18 形状18,攻击3格,攻击,bz_van_258,水、地、治疗,—,skill confirmed；来源=Stop That!；攻击3格；商店关系保留来源节点后补足8店。
pal_259,No.259,朱雀妖,火,,白银,两格,机动,101,40,12,0,0,5,none,11 形状11,攻击2格,攻击,bz_van_259,火、机动,—,skill confirmed；来源=Streamline Weapon；攻击2格；商店关系保留来源节点后补足8店。
pal_260,No.260,云隼兽,无,,青铜,两格,输出,79,28,12,0,0,3,mech_grow_atk_each_round,01 形状01,攻击1格,攻击,bz_van_260,无、输出,—,skill confirmed；来源=Strength；攻击1格；商店关系保留来源节点后补足8店。
pal_261,No.261,寒貂卫,冰,雷,白银,两格,控制,106,44,14,0,0,4,mech_counter_damage,05 形状05,攻击2格,攻击,bz_van_261,冰、雷、控制,—,skill confirmed；来源=Stunning Strike；攻击2格；商店关系保留来源节点后补足8店。
pal_262,No.262,澜象将,水,地,白银,两格,坦克,155,54,12,0,10,3,mech_armor_flat,06 形状06,攻击2格,攻击,bz_van_262,水、地、坦克,—,skill confirmed；来源=Submerged；攻击2格；商店关系保留来源节点后补足8店。
pal_263,No.263,沙鹰仔,地,,青铜,两格,输出,79,28,12,0,0,3,mech_grow_atk_each_round,02 形状02,攻击1格,攻击,bz_van_263,地、输出,—,skill confirmed；来源=Supply Cache；攻击1格；商店关系保留来源节点后补足8店。
pal_264,No.264,蛟鲨精,龙,,白银,两格,输出,115,40,20,0,0,3,mech_grow_atk_each_round,09 形状09,攻击2格,攻击,bz_van_264,龙、输出,—,skill confirmed；来源=Tempering；攻击2格；商店关系保留来源节点后补足8店。
pal_265,No.265,电狐王,雷,,黄金,两格,控制,136,56,20,0,0,4,mech_counter_damage,05 形状05,攻击2格,攻击,bz_van_265,雷、控制,—,skill confirmed；来源=Temporal Strike；攻击2格；商店关系保留来源节点后补足8店。
pal_266,No.266,沧狮将,水,,白银,两格,输出,115,40,20,0,0,3,mech_grow_atk_each_round,09 形状09,攻击2格,攻击,bz_van_266,水、输出,—,skill confirmed；来源=The Best Defense；攻击2格；商店关系保留来源节点后补足8店。
pal_267,No.267,炎鲭侯,火,,黄金,两格,机动,131,52,18,0,0,5,none,16 形状16,攻击3格,攻击,bz_van_267,火、机动,—,skill confirmed；来源=Tiny Dancer；攻击3格；商店关系保留来源节点后补足8店。
pal_268,No.268,石牦灵,地,,青铜,两格,坦克,105,42,6,0,6,3,mech_armor_flat,04 形状04,攻击1格,攻击,bz_van_268,地、坦克,—,skill confirmed；来源=Toughness；攻击1格；商店关系保留来源节点后补足8店。
pal_269,No.269,焰蝎妖,火,草,白银,两格,控制,106,44,14,0,0,4,mech_fire_ignite_bonus,11 形状11,攻击2格,攻击,bz_van_269,火、草、控制,—,skill confirmed；来源=Toxic Flame；攻击2格；商店关系保留来源节点后补足8店。
pal_270,No.270,芽蛛将,草,,白银,两格,控制,106,44,14,0,0,4,mech_counter_damage,05 形状05,攻击2格,攻击,bz_van_270,草、控制,—,skill confirmed；来源=Toxic Weapons；攻击2格；商店关系保留来源节点后补足8店。
pal_271,No.271,青蛇将,草,,白银,两格,控制,106,44,14,0,0,4,mech_counter_damage,05 形状05,攻击2格,攻击,bz_van_271,草、控制,—,skill confirmed；来源=Toxicity；攻击2格；商店关系保留来源节点后补足8店。
pal_272,No.272,芽貂卫,草,,白银,两格,控制,106,44,14,0,0,4,mech_counter_damage,11 形状11,攻击2格,攻击,bz_van_272,草、控制,—,skill confirmed；来源=Toxin Injector；攻击2格；商店关系保留来源节点后补足8店。
pal_273,No.273,燎鹰卫,火,雷,白银,两格,输出,115,40,20,0,0,3,mech_fire_ignite_bonus,12 形状12,攻击2格,攻击,bz_van_273,火、雷、输出,—,skill confirmed；来源=Tracer Fire；攻击2格；商店关系保留来源节点后补足8店。
pal_274,No.274,苔貂王,草,雷,黄金,两格,控制,136,56,20,0,0,4,mech_counter_damage,05 形状05,攻击2格,攻击,bz_van_274,草、雷、控制,—,skill confirmed；来源=Venomous Blade；攻击2格；商店关系保留来源节点后补足8店。
pal_275,No.275,青鹿祖,草,水,钻石,两格,治疗,197,70,24,0,8,3,mech_shield_regen,09 形状09,攻击2格,攻击,bz_van_275,草、水、治疗,—,skill confirmed；来源=Venomous Vitality；攻击2格；商店关系保留来源节点后补足8店。
pal_276,No.276,焰蟾卫,火,龙,白银,两格,召唤,99,48,12,0,0,3,mech_fire_ignite_bonus,07 形状07,攻击2格,攻击,bz_van_276,火、龙、召唤,—,skill confirmed；来源=Warm Hugs；攻击2格；商店关系保留来源节点后补足8店。
pal_277,No.277,澜蚌灵,水,龙,青铜,一格,治疗,77,28,8,0,2,3,mech_shield_regen,04 形状04,攻击1格,攻击,bz_van_277,水、龙、治疗,—,item_gap derived_gap_profile；来源=Vanessa Query Gap 青铜 01；攻击1格；商店关系保留来源节点后补足8店。
pal_278,No.278,岩犀仔,地,,青铜,两格,坦克,105,42,6,0,6,3,mech_shield_flat,07 形状07,攻击2格,攻击,bz_van_278,地、坦克,—,item_gap derived_gap_profile；来源=Vanessa Query Gap 青铜 02；攻击2格；商店关系保留来源节点后补足8店。
pal_279,No.279,凝隼兽,冰,,青铜,一格,输出,79,22,14,0,0,3,mech_grow_atk_each_round,02 形状02,攻击1格,攻击,bz_van_279,冰、输出,—,item_gap derived_gap_profile；来源=Vanessa Query Gap 青铜 03；攻击1格；商店关系保留来源节点后补足8店。
pal_280,No.280,潮猿仔,水,,青铜,两格,机动,71,28,6,0,0,5,none,15 形状15,攻击3格,攻击,bz_van_280,水、机动,—,item_gap derived_gap_profile；来源=Vanessa Query Gap 青铜 04；攻击3格；商店关系保留来源节点后补足8店。
pal_281,No.281,渊隼兽,水,,青铜,一格,输出,79,22,14,0,0,3,mech_grow_atk_each_round,04 形状04,攻击1格,攻击,bz_van_281,水、输出,—,item_gap derived_gap_profile；来源=Vanessa Query Gap 青铜 05；攻击1格；商店关系保留来源节点后补足8店。
pal_282,No.282,震蛙童,雷,,青铜,一格,控制,76,26,10,0,0,4,mech_counter_damage,11 形状11,攻击2格,攻击,bz_van_282,雷、控制,—,item_gap derived_gap_profile；来源=Vanessa Query Gap 青铜 06；攻击2格；商店关系保留来源节点后补足8店。
pal_283,No.283,鸣蟾仔,雷,龙,青铜,一格,召唤,69,30,8,0,0,3,mech_grow_shield_each_round,06 形状06,攻击2格,攻击,bz_van_283,雷、龙、召唤,—,item_gap derived_gap_profile；来源=Vanessa Query Gap 青铜 07；攻击2格；商店关系保留来源节点后补足8店。
pal_284,No.284,朱鲨童,火,雷,青铜,两格,输出,79,28,12,0,0,3,mech_fire_ignite_bonus,01 形状01,攻击1格,攻击,bz_van_284,火、雷、输出,—,item_gap derived_gap_profile；来源=Vanessa Query Gap 青铜 08；攻击1格；商店关系保留来源节点后补足8店。
pal_285,No.285,翠蝎灵,草,水,青铜,一格,控制,76,26,10,0,0,4,mech_counter_damage,12 形状12,攻击2格,攻击,bz_van_285,草、水、控制,—,item_gap derived_gap_profile；来源=Vanessa Query Gap 青铜 09；攻击2格；商店关系保留来源节点后补足8店。
pal_286,No.286,森狮童,草,水,青铜,一格,输出,79,22,14,0,0,3,mech_grow_atk_each_round,02 形状02,攻击1格,攻击,bz_van_286,草、水、输出,—,item_gap derived_gap_profile；来源=Vanessa Query Gap 青铜 10；攻击1格；商店关系保留来源节点后补足8店。
pal_287,No.287,云狐兽,无,,青铜,一格,机动,71,22,8,0,0,5,none,03 形状03,攻击1格,攻击,bz_van_287,无、机动,—,item_gap derived_gap_profile；来源=Vanessa Query Gap 青铜 11；攻击1格；商店关系保留来源节点后补足8店。
pal_288,No.288,澜兔仔,水,龙,青铜,一格,治疗,77,28,8,0,2,3,mech_shield_regen,04 形状04,攻击1格,攻击,bz_van_288,水、龙、治疗,—,item_gap derived_gap_profile；来源=Vanessa Query Gap 青铜 12；攻击1格；商店关系保留来源节点后补足8店。
pal_289,No.289,沧鼋童,水,地,青铜,两格,坦克,105,42,6,0,6,3,mech_shield_regen,01 形状01,攻击1格,攻击,bz_van_289,水、地、坦克,—,item_gap derived_gap_profile；来源=Vanessa Query Gap 青铜 13；攻击1格；商店关系保留来源节点后补足8店。
pal_290,No.290,汐象兽,水,地,青铜,三格,坦克,100,48,4,0,6,2,mech_shield_flat,02 形状02,攻击1格,攻击,bz_van_290,水、地、坦克,—,item_gap derived_gap_profile；来源=Vanessa Query Gap 青铜 14；攻击1格；商店关系保留来源节点后补足8店。
pal_291,No.291,震虎灵,雷,,青铜,两格,输出,79,28,12,0,0,3,mech_grow_atk_each_round,03 形状03,攻击1格,攻击,bz_van_291,雷、输出,—,item_gap derived_gap_profile；来源=Vanessa Query Gap 青铜 15；攻击1格；商店关系保留来源节点后补足8店。
pal_292,No.292,闪狮童,雷,,青铜,两格,输出,79,28,12,0,0,3,mech_grow_atk_each_round,04 形状04,攻击1格,攻击,bz_van_292,雷、输出,—,item_gap derived_gap_profile；来源=Vanessa Query Gap 青铜 16；攻击1格；商店关系保留来源节点后补足8店。
pal_293,No.293,潮貂仔,水,,青铜,两格,控制,76,32,8,0,0,4,mech_counter_damage,05 形状05,攻击2格,攻击,bz_van_293,水、控制,—,item_gap derived_gap_profile；来源=Vanessa Query Gap 青铜 17；攻击2格；商店关系保留来源节点后补足8店。
pal_294,No.294,澜燕灵,水,,青铜,两格,机动,71,28,6,0,0,5,none,02 形状02,攻击1格,攻击,bz_van_294,水、机动,—,item_gap derived_gap_profile；来源=Vanessa Query Gap 青铜 18；攻击1格；商店关系保留来源节点后补足8店。
pal_295,No.295,沧鲭童,水,龙,青铜,一格,机动,71,22,8,0,0,5,none,07 形状07,攻击2格,攻击,bz_van_295,水、龙、机动,—,item_gap derived_gap_profile；来源=Vanessa Query Gap 青铜 19；攻击2格；商店关系保留来源节点后补足8店。
pal_296,No.296,雷隼兽,雷,,青铜,一格,输出,79,22,14,0,0,3,mech_grow_atk_each_round,03 形状03,攻击1格,攻击,bz_van_296,雷、输出,—,item_gap derived_gap_profile；来源=Vanessa Query Gap 青铜 20；攻击1格；商店关系保留来源节点后补足8店。
pal_297,No.297,凝蛇灵,冰,,青铜,一格,控制,76,26,10,0,0,4,mech_counter_damage,06 形状06,攻击2格,攻击,bz_van_297,冰、控制,—,item_gap derived_gap_profile；来源=Vanessa Query Gap 青铜 21；攻击2格；商店关系保留来源节点后补足8店。
pal_298,No.298,电虎灵,雷,,青铜,一格,输出,79,22,14,0,0,3,mech_grow_atk_each_round,01 形状01,攻击1格,攻击,bz_van_298,雷、输出,—,item_gap derived_gap_profile；来源=Vanessa Query Gap 青铜 22；攻击1格；商店关系保留来源节点后补足8店。
pal_299,No.299,夜鹰仔,暗,,青铜,一格,输出,79,22,14,0,0,3,mech_grow_atk_each_round,04 形状04,攻击1格,攻击,bz_van_299,暗、输出,—,item_gap derived_gap_profile；来源=Vanessa Query Gap 青铜 23；攻击1格；商店关系保留来源节点后补足8店。
pal_300,No.300,沧虎灵,水,,青铜,一格,输出,79,22,14,0,0,3,mech_grow_atk_each_round,03 形状03,攻击1格,攻击,bz_van_300,水、输出,—,item_gap derived_gap_profile；来源=Vanessa Query Gap 青铜 24；攻击1格；商店关系保留来源节点后补足8店。
pal_301,No.301,澜貂仔,水,龙,青铜,一格,控制,76,26,10,0,0,4,mech_counter_damage,10 形状10,攻击2格,攻击,bz_van_301,水、龙、控制,—,item_gap derived_gap_profile；来源=Vanessa Query Gap 青铜 25；攻击2格；商店关系保留来源节点后补足8店。
pal_302,No.302,芽蝎仔,草,水,青铜,一格,控制,76,26,10,0,0,4,mech_counter_damage,09 形状09,攻击2格,攻击,bz_van_302,草、水、控制,—,item_gap derived_gap_profile；来源=Vanessa Query Gap 青铜 26；攻击2格；商店关系保留来源节点后补足8店。
pal_303,No.303,翠隼童,草,,青铜,两格,输出,79,28,12,0,0,3,mech_grow_atk_each_round,04 形状04,攻击1格,攻击,bz_van_303,草、输出,—,item_gap derived_gap_profile；来源=Vanessa Query Gap 青铜 27；攻击1格；商店关系保留来源节点后补足8店。
pal_304,No.304,虬豹兽,龙,,青铜,两格,输出,79,28,12,0,0,3,mech_grow_atk_each_round,03 形状03,攻击1格,攻击,bz_van_304,龙、输出,—,item_gap derived_gap_profile；来源=Vanessa Query Gap 青铜 28；攻击1格；商店关系保留来源节点后补足8店。
pal_305,No.305,汐羊童,水,地,青铜,两格,治疗,77,34,6,0,2,3,mech_shield_regen,02 形状02,攻击1格,攻击,bz_van_305,水、地、治疗,—,item_gap derived_gap_profile；来源=Vanessa Query Gap 青铜 29；攻击1格；商店关系保留来源节点后补足8店。
pal_306,No.306,燎豹童,火,,青铜,一格,输出,79,22,14,0,0,3,mech_fire_ignite_bonus,04 形状04,攻击1格,攻击,bz_van_306,火、输出,—,item_gap derived_gap_profile；来源=Vanessa Query Gap 青铜 30；攻击1格；商店关系保留来源节点后补足8店。
pal_307,No.307,赤蛇仔,火,水,青铜,一格,控制,76,26,10,0,0,4,mech_fire_ignite_bonus,09 形状09,攻击2格,攻击,bz_van_307,火、水、控制,—,item_gap derived_gap_profile；来源=Vanessa Query Gap 青铜 31；攻击2格；商店关系保留来源节点后补足8店。
pal_308,No.308,汐燕仔,水,雷,青铜,两格,机动,71,28,6,0,0,5,none,02 形状02,攻击1格,攻击,bz_van_308,水、雷、机动,—,item_gap derived_gap_profile；来源=Vanessa Query Gap 青铜 32；攻击1格；商店关系保留来源节点后补足8店。
pal_309,No.309,碧鲲灵,水,龙,青铜,一格,召唤,69,30,8,0,0,3,mech_grow_shield_each_round,07 形状07,攻击2格,攻击,bz_van_309,水、龙、召唤,—,item_gap derived_gap_profile；来源=Vanessa Query Gap 青铜 33；攻击2格；商店关系保留来源节点后补足8店。
pal_310,No.310,汐熊仔,水,地,青铜,一格,坦克,105,36,8,0,6,3,mech_shield_flat,04 形状04,攻击1格,攻击,bz_van_310,水、地、坦克,—,item_gap derived_gap_profile；来源=Vanessa Query Gap 青铜 34；攻击1格；商店关系保留来源节点后补足8店。
pal_311,No.311,朱雀灵,火,龙,青铜,一格,机动,71,22,8,0,0,5,mech_fire_ignite_bonus,05 形状05,攻击2格,攻击,bz_van_311,火、龙、机动,—,item_gap derived_gap_profile；来源=Vanessa Query Gap 青铜 35；攻击2格；商店关系保留来源节点后补足8店。
pal_312,No.312,霆螺灵,雷,地,青铜,一格,召唤,69,30,8,0,0,3,mech_grow_shield_each_round,06 形状06,攻击2格,攻击,bz_van_312,雷、地、召唤,—,item_gap derived_gap_profile；来源=Vanessa Query Gap 青铜 36；攻击2格；商店关系保留来源节点后补足8店。
pal_313,No.313,沧狐兽,水,雷,青铜,一格,机动,71,22,8,0,0,5,none,03 形状03,攻击1格,攻击,bz_van_313,水、雷、机动,—,item_gap derived_gap_profile；来源=Vanessa Query Gap 青铜 37；攻击1格；商店关系保留来源节点后补足8店。
pal_314,No.314,震燕将,雷,,白银,两格,机动,101,40,12,0,0,5,none,09 形状09,攻击2格,攻击,bz_van_314,雷、机动,—,item_gap derived_gap_profile；来源=Vanessa Query Gap 白银 01；攻击2格；商店关系保留来源节点后补足8店。
pal_315,No.315,炎燕将,火,,白银,两格,机动,101,40,12,0,0,5,none,10 形状10,攻击2格,攻击,bz_van_315,火、机动,—,item_gap derived_gap_profile；来源=Vanessa Query Gap 白银 02；攻击2格；商店关系保留来源节点后补足8店。
pal_316,No.316,沧鲭卫,水,龙,白银,两格,机动,101,40,12,0,0,5,none,07 形状07,攻击2格,攻击,bz_van_316,水、龙、机动,—,item_gap derived_gap_profile；来源=Vanessa Query Gap 白银 03；攻击2格；商店关系保留来源节点后补足8店。
pal_317,No.317,焰狐卫,火,,白银,两格,机动,101,40,12,0,0,5,mech_fire_ignite_bonus,08 形状08,攻击2格,攻击,bz_van_317,火、机动,—,item_gap derived_gap_profile；来源=Vanessa Query Gap 白银 04；攻击2格；商店关系保留来源节点后补足8店。
pal_318,No.318,蛟隼妖,龙,,白银,一格,输出,115,34,22,0,0,3,mech_grow_atk_each_round,05 形状05,攻击2格,攻击,bz_van_318,龙、输出,—,item_gap derived_gap_profile；来源=Vanessa Query Gap 白银 05；攻击2格；商店关系保留来源节点后补足8店。
pal_319,No.319,闪隼妖,雷,,白银,一格,输出,115,34,22,0,0,3,mech_grow_atk_each_round,19 形状19,攻击3格,攻击,bz_van_319,雷、输出,—,item_gap derived_gap_profile；来源=Vanessa Query Gap 白银 06；攻击3格；商店关系保留来源节点后补足8店。
pal_320,No.320,潮狐精,水,雷,白银,三格,机动,101,46,10,0,0,5,none,11 形状11,攻击2格,攻击,bz_van_320,水、雷、机动,—,item_gap derived_gap_profile；来源=Vanessa Query Gap 白银 07；攻击2格；商店关系保留来源节点后补足8店。
pal_321,No.321,澜隼精,水,,白银,两格,机动,101,40,12,0,0,5,none,12 形状12,攻击2格,攻击,bz_van_321,水、机动,—,item_gap derived_gap_profile；来源=Vanessa Query Gap 白银 08；攻击2格；商店关系保留来源节点后补足8店。
pal_322,No.322,寒狮卫,冰,,白银,两格,输出,115,40,20,0,0,3,mech_grow_atk_each_round,09 形状09,攻击2格,攻击,bz_van_322,冰、输出,—,item_gap derived_gap_profile；来源=Vanessa Query Gap 白银 09；攻击2格；商店关系保留来源节点后补足8店。
pal_323,No.323,朱隼精,火,,白银,两格,输出,115,40,20,0,0,3,mech_fire_ignite_bonus,11 形状11,攻击2格,攻击,bz_van_323,火、输出,—,item_gap derived_gap_profile；来源=Vanessa Query Gap 白银 10；攻击2格；商店关系保留来源节点后补足8店。
pal_324,No.324,汐蛇妖,水,,白银,一格,控制,106,38,16,0,0,4,mech_counter_damage,06 形状06,攻击2格,攻击,bz_van_324,水、控制,—,item_gap derived_gap_profile；来源=Vanessa Query Gap 白银 11；攻击2格；商店关系保留来源节点后补足8店。
pal_325,No.325,潮虎妖,水,雷,白银,三格,输出,110,46,18,0,0,2,mech_grow_atk_each_round,05 形状05,攻击2格,攻击,bz_van_325,水、雷、输出,—,item_gap derived_gap_profile；来源=Vanessa Query Gap 白银 12；攻击2格；商店关系保留来源节点后补足8店。
pal_326,No.326,闪猿将,雷,,白银,一格,机动,101,34,14,0,0,5,none,08 形状08,攻击2格,攻击,bz_van_326,雷、机动,—,item_gap derived_gap_profile；来源=Vanessa Query Gap 白银 13；攻击2格；商店关系保留来源节点后补足8店。
pal_327,No.327,雷虎卫,雷,,白银,两格,输出,115,40,20,0,0,3,mech_grow_atk_each_round,07 形状07,攻击2格,攻击,bz_van_327,雷、输出,—,item_gap derived_gap_profile；来源=Vanessa Query Gap 白银 14；攻击2格；商店关系保留来源节点后补足8店。
pal_328,No.328,燎貂将,火,水,白银,两格,控制,106,44,14,0,0,4,mech_fire_ignite_bonus,10 形状10,攻击2格,攻击,bz_van_328,火、水、控制,—,item_gap derived_gap_profile；来源=Vanessa Query Gap 白银 15；攻击2格；商店关系保留来源节点后补足8店。
pal_329,No.329,苔蝎将,草,,白银,一格,控制,106,38,16,0,0,4,mech_counter_damage,09 形状09,攻击2格,攻击,bz_van_329,草、控制,—,item_gap derived_gap_profile；来源=Vanessa Query Gap 白银 16；攻击2格；商店关系保留来源节点后补足8店。
pal_330,No.330,霆雀精,雷,,白银,两格,机动,101,40,12,0,0,5,none,12 形状12,攻击2格,攻击,bz_van_330,雷、机动,—,item_gap derived_gap_profile；来源=Vanessa Query Gap 白银 17；攻击2格；商店关系保留来源节点后补足8店。
pal_331,No.331,沧狐将,水,雷,白银,一格,机动,101,34,14,0,0,5,none,11 形状11,攻击2格,攻击,bz_van_331,水、雷、机动,—,item_gap derived_gap_profile；来源=Vanessa Query Gap 白银 18；攻击2格；商店关系保留来源节点后补足8店。
pal_332,No.332,澜鳗妖,水,,白银,两格,控制,106,44,14,0,0,4,mech_counter_damage,06 形状06,攻击2格,攻击,bz_van_332,水、控制,—,item_gap derived_gap_profile；来源=Vanessa Query Gap 白银 19；攻击2格；商店关系保留来源节点后补足8店。
pal_333,No.333,烬狐妖,火,冰,白银,两格,控制,106,44,14,0,0,4,mech_fire_ignite_bonus,10 形状10,攻击2格,攻击,bz_van_333,火、冰、控制,—,item_gap derived_gap_profile；来源=Vanessa Query Gap 白银 20；攻击2格；商店关系保留来源节点后补足8店。
pal_334,No.334,碧狐精,水,龙,白银,两格,机动,101,40,12,0,0,5,none,07 形状07,攻击2格,攻击,bz_van_334,水、龙、机动,—,item_gap derived_gap_profile；来源=Vanessa Query Gap 白银 21；攻击2格；商店关系保留来源节点后补足8店。
pal_335,No.335,渊蛾卫,水,雷,白银,三格,召唤,94,54,10,0,0,2,mech_grow_shield_each_round,12 形状12,攻击2格,攻击,bz_van_335,水、雷、召唤,—,item_gap derived_gap_profile；来源=Vanessa Query Gap 白银 22；攻击2格；商店关系保留来源节点后补足8店。
pal_336,No.336,潮狮妖,水,雷,白银,两格,输出,115,40,20,0,0,3,mech_grow_atk_each_round,09 形状09,攻击2格,攻击,bz_van_336,水、雷、输出,—,item_gap derived_gap_profile；来源=Vanessa Query Gap 白银 23；攻击2格；商店关系保留来源节点后补足8店。
pal_337,No.337,夜狐将,暗,,白银,一格,机动,101,34,14,0,0,5,none,06 形状06,攻击2格,攻击,bz_van_337,暗、机动,—,item_gap derived_gap_profile；来源=Vanessa Query Gap 白银 24；攻击2格；商店关系保留来源节点后补足8店。
pal_338,No.338,寒蛇卫,冰,,白银,一格,控制,106,38,16,0,0,4,mech_counter_damage,11 形状11,攻击2格,攻击,bz_van_338,冰、控制,—,item_gap derived_gap_profile；来源=Vanessa Query Gap 白银 25；攻击2格；商店关系保留来源节点后补足8店。
pal_339,No.339,烬狮妖,火,,白银,一格,输出,115,34,22,0,0,3,mech_fire_ignite_bonus,08 形状08,攻击2格,攻击,bz_van_339,火、输出,—,item_gap derived_gap_profile；来源=Vanessa Query Gap 白银 26；攻击2格；商店关系保留来源节点后补足8店。
pal_340,No.340,震貂将,雷,,白银,一格,控制,106,38,16,0,0,4,mech_counter_damage,05 形状05,攻击2格,攻击,bz_van_340,雷、控制,—,item_gap derived_gap_profile；来源=Vanessa Query Gap 白银 27；攻击2格；商店关系保留来源节点后补足8店。
pal_341,No.341,闪燕卫,雷,,白银,两格,机动,101,40,12,0,0,5,none,10 形状10,攻击2格,攻击,bz_van_341,雷、机动,—,item_gap derived_gap_profile；来源=Vanessa Query Gap 白银 28；攻击2格；商店关系保留来源节点后补足8店。
pal_342,No.342,龙鲭精,龙,,白银,三格,机动,101,46,10,0,0,5,none,07 形状07,攻击2格,攻击,bz_van_342,龙、机动,—,item_gap derived_gap_profile；来源=Vanessa Query Gap 白银 29；攻击2格；商店关系保留来源节点后补足8店。
pal_343,No.343,青鳗精,草,,白银,一格,控制,106,38,16,0,0,4,mech_counter_damage,09 形状09,攻击2格,攻击,bz_van_343,草、控制,—,item_gap derived_gap_profile；来源=Vanessa Query Gap 白银 30；攻击2格；商店关系保留来源节点后补足8店。
pal_344,No.344,闪鲨妖,雷,龙,白银,一格,输出,115,34,22,0,0,3,mech_grow_atk_each_round,12 形状12,攻击2格,攻击,bz_van_344,雷、龙、输出,—,item_gap derived_gap_profile；来源=Vanessa Query Gap 白银 31；攻击2格；商店关系保留来源节点后补足8店。
pal_345,No.345,震蝎将,雷,,白银,一格,控制,106,38,16,0,0,4,mech_counter_damage,07 形状07,攻击2格,攻击,bz_van_345,雷、控制,—,item_gap derived_gap_profile；来源=Vanessa Query Gap 白银 32；攻击2格；商店关系保留来源节点后补足8店。
pal_346,No.346,螭蚕精,龙,,白银,两格,经济,91,40,12,0,0,3,none,10 形状10,攻击2格,攻击,bz_van_346,龙、经济,—,item_gap derived_gap_profile；来源=Vanessa Query Gap 白银 33；攻击2格；商店关系保留来源节点后补足8店。
pal_347,No.347,碧犀卫,水,地,白银,一格,坦克,155,48,14,0,10,3,mech_armor_flat,05 形状05,攻击2格,攻击,bz_van_347,水、地、坦克,—,item_gap derived_gap_profile；来源=Vanessa Query Gap 白银 34；攻击2格；商店关系保留来源节点后补足8店。
pal_348,No.348,烬隼精,火,雷,白银,两格,输出,115,40,20,0,0,3,mech_fire_ignite_bonus,08 形状08,攻击2格,攻击,bz_van_348,火、雷、输出,—,item_gap derived_gap_profile；来源=Vanessa Query Gap 白银 35；攻击2格；商店关系保留来源节点后补足8店。
pal_349,No.349,电牦妖,雷,地,白银,一格,坦克,155,48,14,0,10,3,mech_shield_regen,11 形状11,攻击2格,攻击,bz_van_349,雷、地、坦克,—,item_gap derived_gap_profile；来源=Vanessa Query Gap 白银 36；攻击2格；商店关系保留来源节点后补足8店。
pal_350,No.350,澜蝎卫,水,龙,白银,一格,控制,106,38,16,0,0,4,mech_counter_damage,06 形状06,攻击2格,攻击,bz_van_350,水、龙、控制,—,item_gap derived_gap_profile；来源=Vanessa Query Gap 白银 37；攻击2格；商店关系保留来源节点后补足8店。
pal_351,No.351,焰鲨精,火,雷,白银,两格,输出,115,40,20,0,0,3,mech_fire_ignite_bonus,09 形状09,攻击2格,攻击,bz_van_351,火、雷、输出,—,item_gap derived_gap_profile；来源=Vanessa Query Gap 白银 38；攻击2格；商店关系保留来源节点后补足8店。
pal_352,No.352,麟蟾卫,龙,,白银,两格,召唤,99,48,12,0,0,3,mech_grow_shield_each_round,12 形状12,攻击2格,攻击,bz_van_352,龙、召唤,—,item_gap derived_gap_profile；来源=Vanessa Query Gap 白银 39；攻击2格；商店关系保留来源节点后补足8店。
pal_353,No.353,汐雀王,水,,黄金,两格,机动,131,52,18,0,0,5,none,10 形状10,攻击2格,攻击,bz_van_353,水、机动,—,item_gap derived_gap_profile；来源=Vanessa Query Gap 黄金 01；攻击2格；商店关系保留来源节点后补足8店。
pal_354,No.354,雷隼王,雷,,黄金,三格,输出,146,58,26,0,0,2,mech_grow_atk_each_round,14 形状14,攻击3格,攻击,bz_van_354,雷、输出,—,item_gap derived_gap_profile；来源=Vanessa Query Gap 黄金 02；攻击3格；商店关系保留来源节点后补足8店。
pal_355,No.355,森蛙侯,草,龙,黄金,一格,控制,136,50,22,0,0,4,mech_counter_damage,12 形状12,攻击2格,攻击,bz_van_355,草、龙、控制,—,item_gap derived_gap_profile；来源=Vanessa Query Gap 黄金 03；攻击2格；商店关系保留来源节点后补足8店。
pal_356,No.356,焰鲨侯,火,雷,黄金,两格,输出,151,52,28,0,0,3,mech_fire_ignite_bonus,18 形状18,攻击3格,攻击,bz_van_356,火、雷、输出,—,item_gap derived_gap_profile；来源=Vanessa Query Gap 黄金 04；攻击3格；商店关系保留来源节点后补足8店。
pal_357,No.357,霆鹰尊,雷,,黄金,三格,输出,146,58,26,0,0,2,mech_grow_atk_each_round,16 形状16,攻击3格,攻击,bz_van_357,雷、输出,—,item_gap derived_gap_profile；来源=Vanessa Query Gap 黄金 05；攻击3格；商店关系保留来源节点后补足8店。
pal_358,No.358,碧鹰尊,水,,黄金,三格,输出,146,58,26,0,0,2,mech_grow_atk_each_round,15 形状15,攻击3格,攻击,bz_van_358,水、输出,—,item_gap derived_gap_profile；来源=Vanessa Query Gap 黄金 06；攻击3格；商店关系保留来源节点后补足8店。
pal_359,No.359,汐獒君,水,雷,黄金,两格,坦克,205,66,18,0,14,3,mech_shield_flat,08 形状08,攻击2格,攻击,bz_van_359,水、雷、坦克,—,item_gap derived_gap_profile；来源=Vanessa Query Gap 黄金 07；攻击2格；商店关系保留来源节点后补足8店。
pal_360,No.360,潮蟒君,水,雷,黄金,三格,控制,136,62,18,0,0,4,mech_counter_damage,07 形状07,攻击2格,攻击,bz_van_360,水、雷、控制,—,item_gap derived_gap_profile；来源=Vanessa Query Gap 黄金 08；攻击2格；商店关系保留来源节点后补足8店。
pal_361,No.361,燎蛙王,火,水,黄金,三格,控制,136,62,18,0,0,4,mech_fire_ignite_bonus,10 形状10,攻击2格,攻击,bz_van_361,火、水、控制,—,item_gap derived_gap_profile；来源=Vanessa Query Gap 黄金 09；攻击2格；商店关系保留来源节点后补足8店。
pal_362,No.362,沙雀尊,地,,黄金,两格,机动,131,52,18,0,0,5,none,08 形状08,攻击2格,攻击,bz_van_362,地、机动,—,item_gap derived_gap_profile；来源=Vanessa Query Gap 黄金 10；攻击2格；商店关系保留来源节点后补足8店。
pal_363,No.363,震鹰侯,雷,,黄金,两格,输出,151,52,28,0,0,3,mech_grow_atk_each_round,15 形状15,攻击3格,攻击,bz_van_363,雷、输出,—,item_gap derived_gap_profile；来源=Vanessa Query Gap 黄金 11；攻击3格；商店关系保留来源节点后补足8店。
pal_364,No.364,炎鹰侯,火,,黄金,两格,输出,151,52,28,0,0,3,mech_fire_ignite_bonus,16 形状16,攻击3格,攻击,bz_van_364,火、输出,—,item_gap derived_gap_profile；来源=Vanessa Query Gap 黄金 12；攻击3格；商店关系保留来源节点后补足8店。
pal_365,No.365,沧蜂王,水,雷,黄金,两格,机动,131,52,18,0,0,5,none,11 形状11,攻击2格,攻击,bz_van_365,水、雷、机动,—,item_gap derived_gap_profile；来源=Vanessa Query Gap 黄金 13；攻击2格；商店关系保留来源节点后补足8店。
pal_366,No.366,赤蝎君,火,冰,黄金,三格,控制,136,62,18,0,0,4,mech_fire_ignite_bonus,12 形状12,攻击2格,攻击,bz_van_366,火、冰、控制,—,item_gap derived_gap_profile；来源=Vanessa Query Gap 黄金 14；攻击2格；商店关系保留来源节点后补足8店。
pal_367,No.367,青隼君,草,,黄金,两格,输出,151,52,28,0,0,3,mech_grow_atk_each_round,14 形状14,攻击3格,攻击,bz_van_367,草、输出,—,item_gap derived_gap_profile；来源=Vanessa Query Gap 黄金 15；攻击3格；商店关系保留来源节点后补足8店。
pal_368,No.368,鸣鳗君,雷,,黄金,两格,控制,136,56,20,0,0,4,mech_counter_damage,10 形状10,攻击2格,攻击,bz_van_368,雷、控制,—,item_gap derived_gap_profile；来源=Vanessa Query Gap 黄金 16；攻击2格；商店关系保留来源节点后补足8店。
pal_369,No.369,雪蝎圣,冰,水,钻石,三格,控制,166,74,24,0,0,4,mech_counter_damage,06 形状06,攻击2格,攻击,bz_van_369,冰、水、控制,—,item_gap derived_gap_profile；来源=Vanessa Query Gap 钻石 01；攻击2格；商店关系保留来源节点后补足8店。
