pet_id,pet_name,source_object_id,primary_enchant,eligible_enchant_count,eligible_enchants,classification_reason
pal_001,棉角羊,bz_van_001,Restorative,13,"Restorative, Mossy, Radiant, Deadly, Fiery, Golden, Heavy, Icy, Obsidian, Shielded, Shiny, Toxic, Turbo","治疗/水、龙；来源标签 aquatic, relic, economyreference, value, heal"
pal_002,灰尾狸,bz_van_002,Turbo,13,"Turbo, Restorative, Mossy, Radiant, Deadly, Fiery, Golden, Heavy, Icy, Obsidian, Shielded, Shiny, Toxic","治疗/水、地；来源标签 aquatic, weapon, tool, damage, haste"
pal_003,芦花鸡,bz_van_003,Turbo,13,"Turbo, Deadly, Shiny, Fiery, Golden, Heavy, Icy, Mossy, Obsidian, Radiant, Restorative, Shielded, Toxic","机动/雷；来源标签 weapon, damage, ammo, hastereference"
pal_004,青藤鼠,bz_van_004,Turbo,13,"Turbo, Deadly, Shiny, Fiery, Golden, Heavy, Icy, Mossy, Obsidian, Radiant, Restorative, Shielded, Toxic","机动/雷；来源标签 tool, haste"
pal_005,赤尾狐,bz_van_005,Deadly,13,"Deadly, Fiery, Obsidian, Golden, Heavy, Icy, Mossy, Radiant, Restorative, Shielded, Shiny, Toxic, Turbo","输出/雷；来源标签 weapon, damage, ammo"
pal_006,碧水鸭,bz_van_006,Shielded,13,"Shielded, Heavy, Mossy, Deadly, Fiery, Golden, Icy, Obsidian, Radiant, Restorative, Shiny, Toxic, Turbo",坦克/地；来源标签 shield
pal_007,雷须猫,bz_van_007,Deadly,13,"Deadly, Fiery, Obsidian, Golden, Heavy, Icy, Mossy, Radiant, Restorative, Shielded, Shiny, Toxic, Turbo","输出/地；来源标签 weapon, damage"
pal_008,藤甲猿,bz_van_008,Turbo,13,"Turbo, Deadly, Shiny, Fiery, Golden, Heavy, Icy, Mossy, Obsidian, Radiant, Restorative, Shielded, Toxic","机动/水；来源标签 aquatic, toy, haste"
pal_009,火角鹿,bz_van_009,Deadly,13,"Deadly, Fiery, Obsidian, Golden, Heavy, Icy, Mossy, Radiant, Restorative, Shielded, Shiny, Toxic, Turbo","输出/水；来源标签 weapon, aquatic, damage"
pal_010,霜羽鹭,bz_van_010,Deadly,13,"Deadly, Turbo, Shiny, Fiery, Golden, Heavy, Icy, Mossy, Obsidian, Radiant, Restorative, Shielded, Toxic","机动/水、龙；来源标签 weapon, tech, aquatic, vehicle, damage, flying"
pal_011,冰背獭,bz_van_011,Toxic,13,"Toxic, Icy, Obsidian, Deadly, Fiery, Golden, Heavy, Mossy, Radiant, Restorative, Shielded, Shiny, Turbo","控制/草、龙；来源标签 weapon, relic, damage, poison"
pal_012,电棘鼠,bz_van_012,Fiery,13,"Fiery, Deadly, Obsidian, Golden, Heavy, Icy, Mossy, Radiant, Restorative, Shielded, Shiny, Toxic, Turbo","输出/火、雷；来源标签 weapon, damage, ammo, burnreference"
pal_013,苔甲龟,bz_van_013,Icy,13,"Icy, Toxic, Obsidian, Deadly, Fiery, Golden, Heavy, Mossy, Radiant, Restorative, Shielded, Shiny, Turbo","控制/雷；来源标签 weapon, damage, ammo, slow"
pal_014,金钱狸,bz_van_014,Fiery,13,"Fiery, Turbo, Deadly, Shiny, Golden, Heavy, Icy, Mossy, Obsidian, Radiant, Restorative, Shielded, Toxic","机动/火；来源标签 burn, haste"
pal_015,黑甲猪,bz_van_015,Deadly,13,"Deadly, Fiery, Obsidian, Golden, Heavy, Icy, Mossy, Radiant, Restorative, Shielded, Shiny, Toxic, Turbo","输出/水；来源标签 weapon, damage"
pal_016,涧水象,bz_van_016,Deadly,13,"Deadly, Radiant, Mossy, Shielded, Fiery, Golden, Heavy, Icy, Obsidian, Restorative, Shiny, Toxic, Turbo","召唤/雷、龙；来源标签 friend, weapon, damage, critreference"
pal_017,黑角犀,bz_van_017,Fiery,13,"Fiery, Deadly, Obsidian, Golden, Heavy, Icy, Mossy, Radiant, Restorative, Shielded, Shiny, Toxic, Turbo","输出/火、雷；来源标签 weapon, damage, ammo, burn"
pal_018,竹囊鼠,bz_van_018,Turbo,13,"Turbo, Deadly, Shiny, Fiery, Golden, Heavy, Icy, Mossy, Obsidian, Radiant, Restorative, Shielded, Toxic","机动/雷；来源标签 weapon, damage"
pal_019,夜穴鼹,bz_van_019,Deadly,13,"Deadly, Fiery, Obsidian, Golden, Heavy, Icy, Mossy, Radiant, Restorative, Shielded, Shiny, Toxic, Turbo",输出/雷；来源标签 ammoreference
pal_020,沙鬃猪,bz_van_020,Turbo,13,"Turbo, Deadly, Shiny, Fiery, Golden, Heavy, Icy, Mossy, Obsidian, Radiant, Restorative, Shielded, Toxic","机动/水、雷；来源标签 aquatic, property, haste, damagereference, ammoreference"
pal_021,暮羽鸦,bz_van_021,Turbo,13,"Turbo, Deadly, Shiny, Fiery, Golden, Heavy, Icy, Mossy, Obsidian, Radiant, Restorative, Shielded, Toxic","机动/水、龙；来源标签 aquatic, tool, haste"
pal_022,岩爪鼹,bz_van_022,Turbo,13,"Turbo, Deadly, Shiny, Fiery, Golden, Heavy, Icy, Mossy, Obsidian, Radiant, Restorative, Shielded, Toxic",机动/龙；来源标签 无
pal_023,墨潭鲵,bz_van_023,Toxic,13,"Toxic, Icy, Obsidian, Deadly, Fiery, Golden, Heavy, Mossy, Radiant, Restorative, Shielded, Shiny, Turbo","控制/草、水；来源标签 aquatic, friend, poison, hastereference"
pal_024,幽纹猫,bz_van_024,Fiery,13,"Fiery, Icy, Toxic, Obsidian, Deadly, Golden, Heavy, Mossy, Radiant, Restorative, Shielded, Shiny, Turbo","控制/火；来源标签 weapon, tech, damage, burn"
pal_025,泉须鲶,bz_van_025,Golden,13,"Golden, Shiny, Radiant, Deadly, Fiery, Heavy, Icy, Mossy, Obsidian, Restorative, Shielded, Toxic, Turbo","经济/草、水；来源标签 aquatic, food, crit"
pal_026,疾风狼,bz_van_026,Icy,13,"Icy, Toxic, Obsidian, Deadly, Fiery, Golden, Heavy, Mossy, Radiant, Restorative, Shielded, Shiny, Turbo","控制/水；来源标签 aquatic, slow"
pal_027,惊羽雀,bz_van_027,Turbo,13,"Turbo, Deadly, Shiny, Fiery, Golden, Heavy, Icy, Mossy, Obsidian, Radiant, Restorative, Shielded, Toxic","机动/地；来源标签 weapon, damage, gold, haste"
pal_028,药草兔,bz_van_028,Restorative,13,"Restorative, Mossy, Radiant, Deadly, Fiery, Golden, Heavy, Icy, Obsidian, Shielded, Shiny, Toxic, Turbo","治疗/水、龙；来源标签 aquatic, relic, heal"
pal_029,黄背牛,bz_van_029,Shielded,13,"Shielded, Heavy, Mossy, Deadly, Fiery, Golden, Icy, Obsidian, Radiant, Restorative, Shiny, Toxic, Turbo","坦克/水、地；来源标签 aquatic, apparel, relic, shield"
pal_030,花刺蛛,bz_van_030,Shielded,13,"Shielded, Heavy, Mossy, Deadly, Fiery, Golden, Icy, Obsidian, Radiant, Restorative, Shiny, Toxic, Turbo","坦克/水、地；来源标签 aquatic, property, shield, value, economyreference"
pal_031,青背鲵,bz_van_031,Icy,13,"Icy, Restorative, Mossy, Radiant, Deadly, Fiery, Golden, Heavy, Obsidian, Shielded, Shiny, Toxic, Turbo","治疗/水、雷；来源标签 property, aquatic, crit"
pal_032,石甲鲮,bz_van_032,Turbo,13,"Turbo, Deadly, Shiny, Fiery, Golden, Heavy, Icy, Mossy, Obsidian, Radiant, Restorative, Shielded, Toxic","机动/雷；来源标签 tech, crit, charge"
pal_033,芭蕉熊,bz_van_033,Icy,13,"Icy, Toxic, Obsidian, Deadly, Fiery, Golden, Heavy, Mossy, Radiant, Restorative, Shielded, Shiny, Turbo","控制/雷；来源标签 weapon, damage, critreference"
pal_034,蜜纹獾,bz_van_034,Deadly,13,"Deadly, Fiery, Obsidian, Golden, Heavy, Icy, Mossy, Radiant, Restorative, Shielded, Shiny, Toxic, Turbo","输出/雷；来源标签 weapon, tech, damage, critreference"
pal_035,藤巢蜂,bz_van_035,Turbo,13,"Turbo, Icy, Toxic, Obsidian, Deadly, Fiery, Golden, Heavy, Mossy, Radiant, Restorative, Shielded, Shiny","控制/水、雷；来源标签 aquatic, property"
pal_036,云纹巨驼,bz_van_036,Fiery,13,"Fiery, Icy, Toxic, Obsidian, Deadly, Golden, Heavy, Mossy, Radiant, Restorative, Shielded, Shiny, Turbo","控制/火、水；来源标签 friend, aquatic, burn, slowreference"
pal_037,月角白鹿,bz_van_037,Icy,13,"Icy, Toxic, Obsidian, Deadly, Fiery, Golden, Heavy, Mossy, Radiant, Restorative, Shielded, Shiny, Turbo","控制/草；来源标签 weapon, tech, damage, slow, poison"
pal_038,疾风苍鹰,bz_van_038,Turbo,13,"Turbo, Deadly, Shiny, Fiery, Golden, Heavy, Icy, Mossy, Obsidian, Radiant, Restorative, Shielded, Toxic","机动/雷；来源标签 apparel, charge"
pal_039,银背巨兔,bz_van_039,Turbo,13,"Turbo, Deadly, Shiny, Fiery, Golden, Heavy, Icy, Mossy, Obsidian, Radiant, Restorative, Shielded, Toxic","机动/水、雷；来源标签 aquatic, tool, apparel, haste, ammo"
pal_040,炎角黑羊,bz_van_040,Turbo,13,"Turbo, Heavy, Shielded, Mossy, Deadly, Fiery, Golden, Icy, Obsidian, Radiant, Restorative, Shiny, Toxic","坦克/水、雷；来源标签 aquatic, tool, apparel, shield, charge"
pal_041,回春彩蝶,bz_van_041,Icy,13,"Icy, Toxic, Obsidian, Deadly, Fiery, Golden, Heavy, Mossy, Radiant, Restorative, Shielded, Shiny, Turbo","控制/水；来源标签 tool, aquatic, slow"
pal_042,赤焰蛮牛,bz_van_042,Deadly,13,"Deadly, Fiery, Obsidian, Golden, Heavy, Icy, Mossy, Radiant, Restorative, Shielded, Shiny, Toxic, Turbo","输出/雷；来源标签 weapon, damage, ammo"
pal_043,泥甲巨鲶,bz_van_043,Icy,13,"Icy, Toxic, Obsidian, Deadly, Fiery, Golden, Heavy, Mossy, Radiant, Restorative, Shielded, Shiny, Turbo","控制/水、雷；来源标签 aquatic, weapon, friend, damage, slow"
pal_044,夜羽巨鸦,bz_van_044,Fiery,13,"Fiery, Icy, Toxic, Obsidian, Deadly, Golden, Heavy, Mossy, Radiant, Restorative, Shielded, Shiny, Turbo","控制/火、冰；来源标签 aquatic, tech, trap, burn, poison, freeze, ammo"
pal_045,墨鳞巨蜥,bz_van_045,Turbo,13,"Turbo, Deadly, Shiny, Fiery, Golden, Heavy, Icy, Mossy, Obsidian, Radiant, Restorative, Shielded, Toxic","机动/水、龙；来源标签 aquatic, relic, damagereference, cooldown"
pal_046,月镰螳螂,bz_van_046,Icy,13,"Icy, Toxic, Obsidian, Deadly, Fiery, Golden, Heavy, Mossy, Radiant, Restorative, Shielded, Shiny, Turbo","控制/水；来源标签 aquatic, tool, slow, economyreference"
pal_047,裂空苍鹰,bz_van_047,Turbo,13,"Turbo, Deadly, Shiny, Fiery, Golden, Heavy, Icy, Mossy, Obsidian, Radiant, Restorative, Shielded, Toxic","机动/水；来源标签 aquatic, tool, haste"
pal_048,木刺豪猪,bz_van_048,Deadly,13,"Deadly, Radiant, Mossy, Shielded, Fiery, Golden, Heavy, Icy, Obsidian, Restorative, Shiny, Toxic, Turbo","召唤/水、雷；来源标签 aquatic, vehicle, weapon, damage, ammoreference"
pal_049,铁臂黑猿,bz_van_049,Turbo,13,"Turbo, Deadly, Shiny, Fiery, Golden, Heavy, Icy, Mossy, Obsidian, Radiant, Restorative, Shielded, Toxic","机动/水、龙；来源标签 aquatic, friend, weapon, haste, flying"
pal_050,金甲蜂群,bz_van_050,Deadly,13,"Deadly, Fiery, Obsidian, Golden, Heavy, Icy, Mossy, Radiant, Restorative, Shielded, Shiny, Toxic, Turbo","输出/雷；来源标签 weapon, damage, ammo"
pal_051,百花巨蜂,bz_van_051,Icy,13,"Icy, Toxic, Obsidian, Deadly, Fiery, Golden, Heavy, Mossy, Radiant, Restorative, Shielded, Shiny, Turbo","控制/暗；来源标签 weapon, tool, damage, slow"
pal_052,笑面山猫,bz_van_052,Deadly,13,"Deadly, Fiery, Obsidian, Golden, Heavy, Icy, Mossy, Radiant, Restorative, Shielded, Shiny, Toxic, Turbo","输出/雷；来源标签 weapon, damage, ammo"
pal_053,霜尾雪貂,bz_van_053,Deadly,13,"Deadly, Fiery, Obsidian, Golden, Heavy, Icy, Mossy, Radiant, Restorative, Shielded, Shiny, Toxic, Turbo","输出/无；来源标签 weapon, damage"
pal_054,白眉雪猿,bz_van_054,Obsidian,13,"Obsidian, Icy, Toxic, Deadly, Fiery, Golden, Heavy, Mossy, Radiant, Restorative, Shielded, Shiny, Turbo","控制/水、雷；来源标签 aquatic, ammo"
pal_055,寒风幼螭,bz_van_055,Turbo,13,"Turbo, Deadly, Shiny, Fiery, Golden, Heavy, Icy, Mossy, Obsidian, Radiant, Restorative, Shielded, Toxic","机动/火；来源标签 apparel, haste"
pal_056,震角雷牛,bz_van_056,Deadly,13,"Deadly, Fiery, Obsidian, Golden, Heavy, Icy, Mossy, Radiant, Restorative, Shielded, Shiny, Toxic, Turbo","输出/无；来源标签 tool, damagereference"
pal_057,吹雪银狐,bz_van_057,Icy,13,"Icy, Toxic, Obsidian, Deadly, Fiery, Golden, Heavy, Mossy, Radiant, Restorative, Shielded, Shiny, Turbo","控制/冰；来源标签 weapon, tool, damage, freeze"
pal_058,丹角火麟,bz_van_058,Icy,13,"Icy, Toxic, Obsidian, Deadly, Fiery, Golden, Heavy, Mossy, Radiant, Restorative, Shielded, Shiny, Turbo","控制/冰、水；来源标签 aquatic, property, freeze"
pal_059,冰角白鹿,bz_van_059,Icy,13,"Icy, Toxic, Obsidian, Deadly, Fiery, Golden, Heavy, Mossy, Radiant, Restorative, Shielded, Shiny, Turbo","控制/水、龙；来源标签 aquatic, friend, ray, slow"
pal_060,霹雳战獒,bz_van_060,Fiery,13,"Fiery, Deadly, Obsidian, Golden, Heavy, Icy, Mossy, Radiant, Restorative, Shielded, Shiny, Toxic, Turbo",输出/火；来源标签 burn
pal_061,苍焰赤豺,bz_van_061,Icy,13,"Icy, Toxic, Obsidian, Deadly, Fiery, Golden, Heavy, Mossy, Radiant, Restorative, Shielded, Shiny, Turbo","控制/雷；来源标签 apparel, tech, crit, slow"
pal_062,雷纹巨猿,bz_van_062,Turbo,13,"Turbo, Deadly, Shiny, Fiery, Golden, Heavy, Icy, Mossy, Obsidian, Radiant, Restorative, Shielded, Toxic","机动/雷；来源标签 weapon, damage, ammo, haste"
pal_063,蜃雾白鹿,bz_van_063,Toxic,13,"Toxic, Icy, Obsidian, Deadly, Fiery, Golden, Heavy, Mossy, Radiant, Restorative, Shielded, Shiny, Turbo","控制/草、水；来源标签 aquatic, friend, poison, haste"
pal_064,翠冠花螭,bz_van_064,Turbo,13,"Turbo, Deadly, Shiny, Fiery, Golden, Heavy, Icy, Mossy, Obsidian, Radiant, Restorative, Shielded, Toxic","机动/雷、龙；来源标签 weapon, vehicle, damage, flying"
pal_065,霆角龙犀,bz_van_065,Icy,13,"Icy, Toxic, Obsidian, Deadly, Fiery, Golden, Heavy, Mossy, Radiant, Restorative, Shielded, Shiny, Turbo","控制/暗；来源标签 weapon, damage, slow"
pal_066,浪鳞水蛇,bz_van_066,Deadly,13,"Deadly, Fiery, Obsidian, Golden, Heavy, Icy, Mossy, Radiant, Restorative, Shielded, Shiny, Toxic, Turbo","输出/地；来源标签 weapon, damage"
pal_067,沙鳞巨蟒,bz_van_067,Deadly,13,"Deadly, Fiery, Obsidian, Golden, Heavy, Icy, Mossy, Radiant, Restorative, Shielded, Shiny, Toxic, Turbo","输出/雷、龙；来源标签 apparel, relic, crit"
pal_068,食梦黑貘,bz_van_068,Icy,13,"Icy, Toxic, Obsidian, Deadly, Fiery, Golden, Heavy, Mossy, Radiant, Restorative, Shielded, Shiny, Turbo","控制/雷；来源标签 weapon, tech, damage, critreference, slowreference"
pal_069,碎岩巨龟,bz_van_069,Deadly,13,"Deadly, Fiery, Obsidian, Golden, Heavy, Icy, Mossy, Radiant, Restorative, Shielded, Shiny, Toxic, Turbo","输出/龙；来源标签 weapon, relic, damage"
pal_070,猫翼夜蝠,bz_van_070,Restorative,13,"Restorative, Mossy, Radiant, Deadly, Fiery, Golden, Heavy, Icy, Obsidian, Shielded, Shiny, Toxic, Turbo","治疗/水、地；来源标签 aquatic, shield, heal"
pal_071,甘露壁虎,bz_van_071,Fiery,13,"Fiery, Deadly, Obsidian, Golden, Heavy, Icy, Mossy, Radiant, Restorative, Shielded, Shiny, Toxic, Turbo","输出/火；来源标签 tool, burn"
pal_072,赤巢火蚁,bz_van_072,Fiery,13,"Fiery, Icy, Toxic, Obsidian, Deadly, Golden, Heavy, Mossy, Radiant, Restorative, Shielded, Shiny, Turbo","控制/火、水；来源标签 property, aquatic, burn, slow"
pal_073,烽翼火龙,bz_van_073,Golden,13,"Golden, Shiny, Radiant, Deadly, Fiery, Heavy, Icy, Mossy, Obsidian, Restorative, Shielded, Toxic, Turbo","经济/龙；来源标签 relic, economyreference, value, damagereference"
pal_074,霜翼冥龙,bz_van_074,Fiery,13,"Fiery, Icy, Toxic, Obsidian, Deadly, Golden, Heavy, Mossy, Radiant, Restorative, Shielded, Shiny, Turbo","控制/火、水；来源标签 aquatic, weapon, friend, damage, burn, slowreference, ammo"
pal_075,赤刃螳螂,bz_van_075,Deadly,13,"Deadly, Turbo, Shiny, Fiery, Golden, Heavy, Icy, Mossy, Obsidian, Radiant, Restorative, Shielded, Toxic","机动/水、雷；来源标签 aquatic, friend, weapon, crit, flying"
pal_076,迅雷金雕,bz_van_076,Icy,13,"Icy, Heavy, Shielded, Mossy, Deadly, Fiery, Golden, Obsidian, Radiant, Restorative, Shiny, Toxic, Turbo","坦克/水、地；来源标签 friend, aquatic, shield, hastereference, slowreference"
pal_077,燧火黑乌,bz_van_077,Fiery,13,"Fiery, Deadly, Obsidian, Golden, Heavy, Icy, Mossy, Radiant, Restorative, Shielded, Shiny, Toxic, Turbo","输出/火、雷；来源标签 weapon, damage, ammo, burnreference"
pal_078,幽泉灵猫,bz_van_078,Deadly,13,"Deadly, Radiant, Mossy, Shielded, Fiery, Golden, Heavy, Icy, Obsidian, Restorative, Shiny, Toxic, Turbo","召唤/水、龙；来源标签 aquatic, weapon, friend, damage"
pal_079,焰尾山狐,bz_van_079,Shielded,13,"Shielded, Heavy, Mossy, Deadly, Fiery, Golden, Icy, Obsidian, Radiant, Restorative, Shiny, Toxic, Turbo","坦克/雷、地；来源标签 toy, shield, ammo"
pal_080,踏春白兔,bz_van_080,Icy,13,"Icy, Toxic, Obsidian, Deadly, Fiery, Golden, Heavy, Mossy, Radiant, Restorative, Shielded, Shiny, Turbo","控制/水、龙；来源标签 aquatic, friend, weapon, damage, hastereference, slowreference"
pal_081,药香花鹿,bz_van_081,Fiery,13,"Fiery, Deadly, Obsidian, Golden, Heavy, Icy, Mossy, Radiant, Restorative, Shielded, Shiny, Toxic, Turbo","输出/火、雷；来源标签 apparel, tech, burn, critreference"
pal_082,冰丝巨蛾,bz_van_082,Golden,13,"Golden, Shiny, Radiant, Deadly, Fiery, Heavy, Icy, Mossy, Obsidian, Restorative, Shielded, Toxic, Turbo","经济/龙；来源标签 friend, damagereference, economyreference"
pal_083,云鳞幼螭,bz_van_083,Turbo,13,"Turbo, Heavy, Shielded, Mossy, Deadly, Fiery, Golden, Icy, Obsidian, Radiant, Restorative, Shiny, Toxic","坦克/水、雷；来源标签 aquatic, shield"
pal_084,沧浪青蛟,bz_van_084,Fiery,13,"Fiery, Turbo, Deadly, Shiny, Golden, Heavy, Icy, Mossy, Obsidian, Radiant, Restorative, Shielded, Toxic","机动/火、龙；来源标签 friend, burn, flying"
pal_085,涌泉水獭,bz_van_085,Deadly,13,"Deadly, Radiant, Mossy, Shielded, Fiery, Golden, Heavy, Icy, Obsidian, Restorative, Shiny, Toxic, Turbo","召唤/雷、地；来源标签 weapon, friend, toy, damage, crit"
pal_086,赤炎狻猊,bz_van_086,Turbo,13,"Turbo, Deadly, Shiny, Fiery, Golden, Heavy, Icy, Mossy, Obsidian, Radiant, Restorative, Shielded, Toxic",机动/龙；来源标签 haste
pal_087,碧海青蛟,bz_van_087,Turbo,13,"Turbo, Deadly, Shiny, Fiery, Golden, Heavy, Icy, Mossy, Obsidian, Radiant, Restorative, Shielded, Toxic","机动/草、水；来源标签 aquatic, weapon, friend, damage, charge"
pal_088,冰棘豪猪,bz_van_088,Deadly,13,"Deadly, Fiery, Obsidian, Golden, Heavy, Icy, Mossy, Radiant, Restorative, Shielded, Shiny, Toxic, Turbo","输出/雷；来源标签 weapon, damage, ammo"
pal_089,狱火凶獒,bz_van_089,Fiery,13,"Fiery, Deadly, Obsidian, Golden, Heavy, Icy, Mossy, Radiant, Restorative, Shielded, Shiny, Toxic, Turbo","输出/火、雷；来源标签 toy, burn, ammo"
pal_090,三首火犬,bz_van_090,Turbo,13,"Turbo, Deadly, Shiny, Fiery, Golden, Heavy, Icy, Mossy, Obsidian, Radiant, Restorative, Shielded, Toxic","机动/水、雷；来源标签 property, aquatic, ammoreference, charge"
pal_091,覆水龙龟,bz_van_091,Deadly,13,"Deadly, Fiery, Obsidian, Golden, Heavy, Icy, Mossy, Radiant, Restorative, Shielded, Shiny, Toxic, Turbo","输出/雷；来源标签 tool, ammoreference"
pal_092,雷泽青蛟,bz_van_092,Fiery,13,"Fiery, Restorative, Mossy, Radiant, Deadly, Golden, Heavy, Icy, Obsidian, Shielded, Shiny, Toxic, Turbo","治疗/火、水；来源标签 weapon, damage, burnreference"
pal_093,连理双鹿,bz_van_093,Toxic,13,"Toxic, Icy, Obsidian, Deadly, Fiery, Golden, Heavy, Mossy, Radiant, Restorative, Shielded, Shiny, Turbo","控制/草、水；来源标签 aquatic, friend, poison, hastereference"
pal_094,海棠水鹿,bz_van_094,Deadly,13,"Deadly, Fiery, Obsidian, Golden, Heavy, Icy, Mossy, Radiant, Restorative, Shielded, Shiny, Toxic, Turbo","输出/雷；来源标签 tool, ammoreference, crit"
pal_095,百花灵鹿,bz_van_095,Deadly,13,"Deadly, Fiery, Obsidian, Golden, Heavy, Icy, Mossy, Radiant, Restorative, Shielded, Shiny, Toxic, Turbo","输出/雷；来源标签 weapon, damage, ammo"
pal_096,熔岩巨兽,bz_van_096,Deadly,13,"Deadly, Fiery, Obsidian, Golden, Heavy, Icy, Mossy, Radiant, Restorative, Shielded, Shiny, Toxic, Turbo","输出/雷；来源标签 weapon, damage, ammo"
pal_097,寒岩巨兽,bz_van_097,Deadly,13,"Deadly, Fiery, Obsidian, Golden, Heavy, Icy, Mossy, Radiant, Restorative, Shielded, Shiny, Toxic, Turbo","输出/雷；来源标签 weapon, damage, ammo"
pal_098,云顶巨驼,bz_van_098,Turbo,13,"Turbo, Deadly, Shiny, Fiery, Golden, Heavy, Icy, Mossy, Obsidian, Radiant, Restorative, Shielded, Toxic","机动/水、雷；来源标签 aquatic, vehicle, charge, cooldown"
pal_099,冰峰巨驼,bz_van_099,Toxic,13,"Toxic, Icy, Obsidian, Deadly, Fiery, Golden, Heavy, Mossy, Radiant, Restorative, Shielded, Shiny, Turbo","控制/草、水；来源标签 weapon, relic, aquatic, damage, poison, crit, hastereference"
pal_100,青林巨象,bz_van_100,Shielded,13,"Shielded, Heavy, Mossy, Deadly, Fiery, Golden, Icy, Obsidian, Radiant, Restorative, Shiny, Toxic, Turbo","坦克/水、地；来源标签 aquatic, shield"
pal_101,白牙雪象,bz_van_101,Icy,13,"Icy, Toxic, Obsidian, Deadly, Fiery, Golden, Heavy, Mossy, Radiant, Restorative, Shielded, Shiny, Turbo","控制/水、龙；来源标签 aquatic, property, haste, slow"
pal_102,白绒雪猿,bz_van_102,Turbo,13,"Turbo, Deadly, Shiny, Fiery, Golden, Heavy, Icy, Mossy, Obsidian, Radiant, Restorative, Shielded, Toxic","机动/暗、龙；来源标签 friend, vehicle, cooldown"
pal_103,绿苔巨猿,bz_van_103,Restorative,13,"Restorative, Mossy, Radiant, Deadly, Fiery, Golden, Heavy, Icy, Obsidian, Shielded, Shiny, Toxic, Turbo","治疗/水；来源标签 aquatic, heal"
pal_104,铁甲巨兕,bz_van_104,Turbo,13,"Turbo, Deadly, Shiny, Fiery, Golden, Heavy, Icy, Mossy, Obsidian, Radiant, Restorative, Shielded, Toxic","机动/水、雷；来源标签 aquatic, tool, crit, haste"
pal_105,云海白鹿,bz_van_105,Deadly,13,"Deadly, Fiery, Obsidian, Golden, Heavy, Icy, Mossy, Radiant, Restorative, Shielded, Shiny, Toxic, Turbo","输出/水；来源标签 aquatic, weapon, damage"
pal_106,夜幕巨蝠,bz_van_106,Toxic,13,"Toxic, Icy, Obsidian, Deadly, Fiery, Golden, Heavy, Mossy, Radiant, Restorative, Shielded, Shiny, Turbo","控制/草、水；来源标签 aquatic, weapon, friend, ray, damage, hastereference, poisonreference"
pal_107,天羽云螭,bz_van_107,Radiant,13,"Radiant, Mossy, Shielded, Deadly, Fiery, Golden, Heavy, Icy, Obsidian, Restorative, Shiny, Toxic, Turbo","召唤/水、龙；来源标签 aquatic, vehicle, property, relic"
pal_108,焰羽赤雕,bz_van_108,Deadly,13,"Deadly, Fiery, Obsidian, Golden, Heavy, Icy, Mossy, Radiant, Restorative, Shielded, Shiny, Toxic, Turbo","输出/雷；来源标签 weapon, apparel, damage, crit"
pal_109,冥羽黑乌,bz_van_109,Icy,13,"Icy, Toxic, Obsidian, Deadly, Fiery, Golden, Heavy, Mossy, Radiant, Restorative, Shielded, Shiny, Turbo","控制/雷；来源标签 ammo, haste, slow"
pal_110,渊鳞黑蛟,bz_van_110,Deadly,13,"Deadly, Fiery, Obsidian, Golden, Heavy, Icy, Mossy, Radiant, Restorative, Shielded, Shiny, Toxic, Turbo","输出/雷；来源标签 weapon, tool, damage"
pal_111,毒甲蝎将,bz_van_111,Deadly,13,"Deadly, Fiery, Obsidian, Golden, Heavy, Icy, Mossy, Radiant, Restorative, Shielded, Shiny, Toxic, Turbo","输出/雷；来源标签 weapon, damage, ammo"
pal_112,石猿战将,bz_van_112,Fiery,13,"Fiery, Icy, Toxic, Obsidian, Deadly, Golden, Heavy, Mossy, Radiant, Restorative, Shielded, Shiny, Turbo","控制/火、冰；来源标签 friend, aquatic, weapon, relic, poisonreference, freezereference, burnreference, damage"
pal_113,覆海蛟王,bz_van_113,Deadly,13,"Deadly, Fiery, Obsidian, Golden, Heavy, Icy, Mossy, Radiant, Restorative, Shielded, Shiny, Toxic, Turbo","输出/水；来源标签 weapon, damage"
pal_114,赤焰龙君,bz_van_114,Icy,13,"Icy, Toxic, Obsidian, Deadly, Fiery, Golden, Heavy, Mossy, Radiant, Restorative, Shielded, Shiny, Turbo","控制/雷；来源标签 tool, crit, cooldown, slowreference"
pal_115,南明朱雀,bz_van_115,Turbo,13,"Turbo, Deadly, Shiny, Fiery, Golden, Heavy, Icy, Mossy, Obsidian, Radiant, Restorative, Shielded, Toxic","机动/雷、龙；来源标签 tool, relic, cooldown, crit"
pal_116,净瓶青鸾,bz_van_116,Deadly,13,"Deadly, Turbo, Shiny, Fiery, Golden, Heavy, Icy, Mossy, Obsidian, Radiant, Restorative, Shielded, Toxic","机动/龙；来源标签 vehicle, tech, flying"
pal_117,九霄熊王,bz_van_117,Icy,13,"Icy, Heavy, Shielded, Mossy, Deadly, Fiery, Golden, Obsidian, Radiant, Restorative, Shiny, Toxic, Turbo","坦克/冰、水；来源标签 aquatic, weapon, vehicle, tech, damage, shield"
pal_118,百花鹿仙,bz_van_118,Turbo,13,"Turbo, Heavy, Shielded, Mossy, Deadly, Fiery, Golden, Icy, Obsidian, Radiant, Restorative, Shiny, Toxic","坦克/水、地；来源标签 aquatic, tool, vehicle, tech, damagereference, shieldreference"
pal_119,黑月狐姬,bz_van_119,Turbo,13,"Turbo, Deadly, Shiny, Fiery, Golden, Heavy, Icy, Mossy, Obsidian, Radiant, Restorative, Shielded, Toxic","机动/水；来源标签 tech, damagereference, cooldown"
pal_120,火云鹏王,bz_van_120,Restorative,13,"Restorative, Mossy, Radiant, Deadly, Fiery, Golden, Heavy, Icy, Obsidian, Shielded, Shiny, Toxic, Turbo","治疗/水、雷；来源标签 apparel, crit, damagereference, healreference, shieldreference"
pal_121,雷泽龙王,bz_van_121,Deadly,13,"Deadly, Fiery, Obsidian, Golden, Heavy, Icy, Mossy, Radiant, Restorative, Shielded, Shiny, Toxic, Turbo","输出/暗；来源标签 weapon, damage"
pal_122,玄羽雕尊,bz_van_122,Restorative,13,"Restorative, Mossy, Radiant, Deadly, Fiery, Golden, Heavy, Icy, Obsidian, Shielded, Shiny, Toxic, Turbo","治疗/水、雷；来源标签 weapon, relic, trap, damage, ammo"
pal_123,白象护法,bz_van_123,Deadly,13,"Deadly, Fiery, Obsidian, Golden, Heavy, Icy, Mossy, Radiant, Restorative, Shielded, Shiny, Toxic, Turbo","输出/雷；来源标签 weapon, damage, critreference, ammo"
pal_124,混世魔猿,bz_van_124,Deadly,13,"Deadly, Fiery, Obsidian, Golden, Heavy, Icy, Mossy, Radiant, Restorative, Shielded, Shiny, Toxic, Turbo","输出/雷；来源标签 weapon, damage, critreference"
pal_125,寒狮妖王,bz_van_125,Deadly,13,"Deadly, Fiery, Obsidian, Golden, Heavy, Icy, Mossy, Radiant, Restorative, Shielded, Shiny, Toxic, Turbo","输出/水、雷；来源标签 aquatic, weapon, tech, damage, ammo"
pal_126,幽冥獒王,bz_van_126,Turbo,13,"Turbo, Deadly, Shiny, Fiery, Golden, Heavy, Icy, Mossy, Obsidian, Radiant, Restorative, Shielded, Toxic","机动/水、雷；来源标签 aquatic, friend, vehicle, weapon, damage, haste"
pal_127,九天龙君,bz_van_127,Fiery,13,"Fiery, Turbo, Deadly, Shiny, Golden, Heavy, Icy, Mossy, Obsidian, Radiant, Restorative, Shielded, Toxic","机动/火、雷；来源标签 weapon, burn, damage, hastereference"
pal_128,星貂王,bz_van_128,Icy,13,"Icy, Toxic, Obsidian, Deadly, Fiery, Golden, Heavy, Mossy, Radiant, Restorative, Shielded, Shiny, Turbo","控制/无；来源标签 trap, slow"
pal_129,渊鹤王,bz_van_129,Icy,13,"Icy, Restorative, Mossy, Radiant, Deadly, Fiery, Golden, Heavy, Obsidian, Shielded, Shiny, Toxic, Turbo","治疗/水；来源标签 property, aquatic, regen, slowreference"
pal_130,潮甲君,bz_van_130,Turbo,13,"Turbo, Heavy, Shielded, Mossy, Deadly, Fiery, Golden, Icy, Obsidian, Radiant, Restorative, Shiny, Toxic","坦克/水、雷；来源标签 aquatic, shield"
pal_131,碧蜂妖,bz_van_131,Deadly,13,"Deadly, Radiant, Mossy, Shielded, Fiery, Golden, Heavy, Icy, Obsidian, Restorative, Shiny, Toxic, Turbo","召唤/水、雷；来源标签 aquatic, weapon, friend, damage, critreference"
pal_132,烬隼童,bz_van_132,Fiery,13,"Fiery, Deadly, Obsidian, Golden, Heavy, Icy, Mossy, Radiant, Restorative, Shielded, Shiny, Toxic, Turbo","输出/火、水；来源标签 aquatic, burn"
pal_133,雷貉卫,bz_van_133,Deadly,13,"Deadly, Golden, Shiny, Radiant, Fiery, Heavy, Icy, Mossy, Obsidian, Restorative, Shielded, Toxic, Turbo","经济/雷；来源标签 crit, experience"
pal_134,沧雀卫,bz_van_134,Turbo,13,"Turbo, Deadly, Shiny, Fiery, Golden, Heavy, Icy, Mossy, Obsidian, Radiant, Restorative, Shielded, Toxic","机动/水、雷；来源标签 aquatic, property, haste"
pal_135,赤蝎精,bz_van_135,Fiery,13,"Fiery, Icy, Toxic, Obsidian, Deadly, Golden, Heavy, Mossy, Radiant, Restorative, Shielded, Shiny, Turbo","控制/火、冰；来源标签 tool, burn, poison, slowreference, freezereference"
pal_136,沧熊童,bz_van_136,Turbo,13,"Turbo, Heavy, Shielded, Mossy, Deadly, Fiery, Golden, Icy, Obsidian, Radiant, Restorative, Shiny, Toxic","坦克/水、地；来源标签 aquatic, apparel, tech, shield, techreference, damagereference"
pal_137,雪貂童,bz_van_137,Icy,13,"Icy, Toxic, Obsidian, Deadly, Fiery, Golden, Heavy, Mossy, Radiant, Restorative, Shielded, Shiny, Turbo","控制/冰、草；来源标签 aquatic, friend, freeze, poisonreference"
pal_138,烬蜂童,bz_van_138,Fiery,13,"Fiery, Turbo, Deadly, Shiny, Golden, Heavy, Icy, Mossy, Obsidian, Radiant, Restorative, Shielded, Toxic","机动/火、水；来源标签 aquatic, weapon, friend, damage, haste, burnreference"
pal_139,雷鲭王,bz_van_139,Turbo,13,"Turbo, Deadly, Shiny, Fiery, Golden, Heavy, Icy, Mossy, Obsidian, Radiant, Restorative, Shielded, Toxic","机动/雷；来源标签 charge, critreference"
pal_140,冥雀卫,bz_van_140,Golden,13,"Golden, Shiny, Radiant, Deadly, Fiery, Heavy, Icy, Mossy, Obsidian, Restorative, Shielded, Toxic, Turbo",经济/暗；来源标签 economyreference
pal_141,沧鸾仔,bz_van_141,Restorative,13,"Restorative, Mossy, Radiant, Deadly, Fiery, Golden, Heavy, Icy, Obsidian, Shielded, Shiny, Toxic, Turbo","治疗/水、地；来源标签 weapon, health"
pal_142,霆螳灵,bz_van_142,Deadly,13,"Deadly, Fiery, Obsidian, Golden, Heavy, Icy, Mossy, Radiant, Restorative, Shielded, Shiny, Toxic, Turbo",输出/雷；来源标签 crit
pal_143,山熊卫,bz_van_143,Shielded,13,"Shielded, Heavy, Mossy, Deadly, Fiery, Golden, Icy, Obsidian, Radiant, Restorative, Shiny, Toxic, Turbo","坦克/地、龙；来源标签 friend, shieldreference, damagereference"
pal_144,沧燕侯,bz_van_144,Turbo,13,"Turbo, Deadly, Shiny, Fiery, Golden, Heavy, Icy, Mossy, Obsidian, Radiant, Restorative, Shielded, Toxic","机动/水；来源标签 aquatic, cooldown"
pal_145,螭蜂妖,bz_van_145,Deadly,13,"Deadly, Radiant, Mossy, Shielded, Fiery, Golden, Heavy, Icy, Obsidian, Restorative, Shiny, Toxic, Turbo","召唤/龙；来源标签 friend, damagereference"
pal_146,沧鲤将,bz_van_146,Turbo,13,"Turbo, Restorative, Mossy, Radiant, Deadly, Fiery, Golden, Heavy, Icy, Obsidian, Shielded, Shiny, Toxic","治疗/水、地；来源标签 weapon, cooldown"
pal_147,沙狮神,bz_van_147,Deadly,13,"Deadly, Fiery, Obsidian, Golden, Heavy, Icy, Mossy, Radiant, Restorative, Shielded, Shiny, Toxic, Turbo","输出/地；来源标签 weapon, damagereference"
pal_148,震狼君,bz_van_148,Deadly,13,"Deadly, Fiery, Obsidian, Golden, Heavy, Icy, Mossy, Radiant, Restorative, Shielded, Shiny, Toxic, Turbo",输出/雷；来源标签 crit
pal_149,渊鹿妖,bz_van_149,Turbo,13,"Turbo, Restorative, Mossy, Radiant, Deadly, Fiery, Golden, Heavy, Icy, Obsidian, Shielded, Shiny, Toxic",治疗/水、雷；来源标签 charge
pal_150,汐蝶卫,bz_van_150,Turbo,13,"Turbo, Restorative, Mossy, Radiant, Deadly, Fiery, Golden, Heavy, Icy, Obsidian, Shielded, Shiny, Toxic",治疗/水、地；来源标签 haste
pal_151,电鹰君,bz_van_151,Deadly,13,"Deadly, Fiery, Obsidian, Golden, Heavy, Icy, Mossy, Radiant, Restorative, Shielded, Shiny, Toxic, Turbo",输出/雷；来源标签 crit
pal_152,鸣鳗王,bz_van_152,Icy,13,"Icy, Toxic, Obsidian, Deadly, Fiery, Golden, Heavy, Mossy, Radiant, Restorative, Shielded, Shiny, Turbo","控制/雷；来源标签 slow, ammoreference"
pal_153,震狐卫,bz_van_153,Turbo,13,"Turbo, Deadly, Shiny, Fiery, Golden, Heavy, Icy, Mossy, Obsidian, Radiant, Restorative, Shielded, Toxic",机动/雷；来源标签 haste
pal_154,朱蛛将,bz_van_154,Fiery,13,"Fiery, Icy, Toxic, Obsidian, Deadly, Golden, Heavy, Mossy, Radiant, Restorative, Shielded, Shiny, Turbo","控制/火、草；来源标签 poisonreference, burnreference"
pal_155,沧鲤祖,bz_van_155,Deadly,13,"Deadly, Restorative, Mossy, Radiant, Fiery, Golden, Heavy, Icy, Obsidian, Shielded, Shiny, Toxic, Turbo","治疗/水；来源标签 weapon, lifesteal"
pal_156,角马王,bz_van_156,Turbo,13,"Turbo, Deadly, Shiny, Fiery, Golden, Heavy, Icy, Mossy, Obsidian, Radiant, Restorative, Shielded, Toxic","机动/龙；来源标签 vehicle, cooldown"
pal_157,焰鹰妖,bz_van_157,Fiery,13,"Fiery, Deadly, Obsidian, Golden, Heavy, Icy, Mossy, Radiant, Restorative, Shielded, Shiny, Toxic, Turbo",输出/火；来源标签 burnreference
pal_158,澜蜂尊,bz_van_158,Turbo,13,"Turbo, Deadly, Shiny, Fiery, Golden, Heavy, Icy, Mossy, Obsidian, Radiant, Restorative, Shielded, Toxic","机动/水；来源标签 weapon, aquatic, haste, damagereference"
pal_159,凝鳗卫,bz_van_159,Icy,13,"Icy, Toxic, Obsidian, Deadly, Fiery, Golden, Heavy, Mossy, Radiant, Restorative, Shielded, Shiny, Turbo","控制/冰；来源标签 slowreference, freeze"
pal_160,青鳗君,bz_van_160,Icy,13,"Icy, Toxic, Obsidian, Deadly, Fiery, Golden, Heavy, Mossy, Radiant, Restorative, Shielded, Shiny, Turbo","控制/草、雷；来源标签 charge, poisonreference, slowreference"
pal_161,电鹰童,bz_van_161,Deadly,13,"Deadly, Fiery, Obsidian, Golden, Heavy, Icy, Mossy, Radiant, Restorative, Shielded, Shiny, Toxic, Turbo","输出/雷；来源标签 weapon, crit"
pal_162,澜鲨童,bz_van_162,Deadly,13,"Deadly, Fiery, Obsidian, Golden, Heavy, Icy, Mossy, Radiant, Restorative, Shielded, Shiny, Toxic, Turbo","输出/水；来源标签 aquatic, damagereference"
pal_163,石甲将,bz_van_163,Shielded,13,"Shielded, Heavy, Mossy, Deadly, Fiery, Golden, Icy, Obsidian, Radiant, Restorative, Shiny, Toxic, Turbo","坦克/地；来源标签 weapon, shieldreference, damagereference"
pal_164,朱蛛侯,bz_van_164,Fiery,13,"Fiery, Icy, Toxic, Obsidian, Deadly, Golden, Heavy, Mossy, Radiant, Restorative, Shielded, Shiny, Turbo","控制/火、草；来源标签 aquatic, friend, burn, poison"
pal_165,渊猿王,bz_van_165,Turbo,13,"Turbo, Deadly, Shiny, Fiery, Golden, Heavy, Icy, Mossy, Obsidian, Radiant, Restorative, Shielded, Toxic","机动/水、雷；来源标签 weapon, aquatic, ammo, damagereference"
pal_166,焰蚌圣,bz_van_166,Fiery,13,"Fiery, Restorative, Mossy, Radiant, Deadly, Golden, Heavy, Icy, Obsidian, Shielded, Shiny, Toxic, Turbo",治疗/火、冰；来源标签 无
pal_167,渊兔妖,bz_van_167,Restorative,13,"Restorative, Mossy, Radiant, Deadly, Fiery, Golden, Heavy, Icy, Obsidian, Shielded, Shiny, Toxic, Turbo",治疗/水、雷；来源标签 crit
pal_168,澜兔祖,bz_van_168,Restorative,13,"Restorative, Mossy, Radiant, Deadly, Fiery, Golden, Heavy, Icy, Obsidian, Shielded, Shiny, Toxic, Turbo","治疗/水、地；来源标签 weapon, damagereference"
pal_169,朱鹤将,bz_van_169,Fiery,13,"Fiery, Restorative, Mossy, Radiant, Deadly, Golden, Heavy, Icy, Obsidian, Shielded, Shiny, Toxic, Turbo",治疗/火、水；来源标签 burn
pal_170,青蝎卫,bz_van_170,Toxic,13,"Toxic, Icy, Obsidian, Deadly, Fiery, Golden, Heavy, Mossy, Radiant, Restorative, Shielded, Shiny, Turbo","控制/草、雷；来源标签 poisonreference, crit"
pal_171,赤狼童,bz_van_171,Fiery,13,"Fiery, Deadly, Obsidian, Golden, Heavy, Icy, Mossy, Radiant, Restorative, Shielded, Shiny, Toxic, Turbo",输出/火；来源标签 burnreference
pal_172,森蟒仔,bz_van_172,Toxic,13,"Toxic, Icy, Obsidian, Deadly, Fiery, Golden, Heavy, Mossy, Radiant, Restorative, Shielded, Shiny, Turbo",控制/草；来源标签 poisonreference
pal_173,燎鹰兽,bz_van_173,Fiery,13,"Fiery, Deadly, Obsidian, Golden, Heavy, Icy, Mossy, Radiant, Restorative, Shielded, Shiny, Toxic, Turbo",输出/火；来源标签 burnreference
pal_174,焰狼将,bz_van_174,Fiery,13,"Fiery, Deadly, Obsidian, Golden, Heavy, Icy, Mossy, Radiant, Restorative, Shielded, Shiny, Toxic, Turbo",输出/火；来源标签 burn
pal_175,电豹尊,bz_van_175,Deadly,13,"Deadly, Fiery, Obsidian, Golden, Heavy, Icy, Mossy, Radiant, Restorative, Shielded, Shiny, Toxic, Turbo",输出/雷；来源标签 crit
pal_176,电螳精,bz_van_176,Deadly,13,"Deadly, Fiery, Obsidian, Golden, Heavy, Icy, Mossy, Radiant, Restorative, Shielded, Shiny, Toxic, Turbo",输出/雷；来源标签 crit
pal_177,霆狼卫,bz_van_177,Deadly,13,"Deadly, Fiery, Obsidian, Golden, Heavy, Icy, Mossy, Radiant, Restorative, Shielded, Shiny, Toxic, Turbo","输出/雷；来源标签 tool, crit"
pal_178,闪鲲妖,bz_van_178,Deadly,13,"Deadly, Radiant, Mossy, Shielded, Fiery, Golden, Heavy, Icy, Obsidian, Restorative, Shiny, Toxic, Turbo","召唤/雷、龙；来源标签 vehicle, crit"
pal_179,震鹰王,bz_van_179,Deadly,13,"Deadly, Fiery, Obsidian, Golden, Heavy, Icy, Mossy, Radiant, Restorative, Shielded, Shiny, Toxic, Turbo","输出/雷；来源标签 ammo, critreference"
pal_180,鸣马王,bz_van_180,Turbo,13,"Turbo, Deadly, Shiny, Fiery, Golden, Heavy, Icy, Mossy, Obsidian, Radiant, Restorative, Shielded, Toxic","机动/雷；来源标签 weapon, charge, damagereference"
pal_181,碧兔神,bz_van_181,Restorative,13,"Restorative, Mossy, Radiant, Deadly, Fiery, Golden, Heavy, Icy, Obsidian, Shielded, Shiny, Toxic, Turbo",治疗/水、雷；来源标签 crit
pal_182,渊蚁皇,bz_van_182,Radiant,13,"Radiant, Mossy, Shielded, Deadly, Fiery, Golden, Heavy, Icy, Obsidian, Restorative, Shiny, Toxic, Turbo","召唤/水、龙；来源标签 aquatic, friend"
pal_183,垒牦灵,bz_van_183,Shielded,13,"Shielded, Heavy, Mossy, Deadly, Fiery, Golden, Icy, Obsidian, Radiant, Restorative, Shiny, Toxic, Turbo",坦克/地；来源标签 shieldreference
pal_184,雷鹰将,bz_van_184,Deadly,13,"Deadly, Fiery, Obsidian, Golden, Heavy, Icy, Mossy, Radiant, Restorative, Shielded, Shiny, Toxic, Turbo","输出/雷；来源标签 weapon, ammoreference, damagereference"
pal_185,烬鳗将,bz_van_185,Fiery,13,"Fiery, Icy, Toxic, Obsidian, Deadly, Golden, Heavy, Mossy, Radiant, Restorative, Shielded, Shiny, Turbo","控制/火、冰；来源标签 burnreference, freeze"
pal_186,角豹神,bz_van_186,Deadly,13,"Deadly, Fiery, Obsidian, Golden, Heavy, Icy, Mossy, Radiant, Restorative, Shielded, Shiny, Toxic, Turbo","输出/龙；来源标签 weapon, damagereference"
pal_187,雷鹰卫,bz_van_187,Deadly,13,"Deadly, Fiery, Obsidian, Golden, Heavy, Icy, Mossy, Radiant, Restorative, Shielded, Shiny, Toxic, Turbo",输出/雷；来源标签 ammo
pal_188,岩獒精,bz_van_188,Shielded,13,"Shielded, Heavy, Mossy, Deadly, Fiery, Golden, Icy, Obsidian, Radiant, Restorative, Shiny, Toxic, Turbo",坦克/地；来源标签 shieldreference
pal_189,烬鹿祖,bz_van_189,Fiery,13,"Fiery, Restorative, Mossy, Radiant, Deadly, Golden, Heavy, Icy, Obsidian, Shielded, Shiny, Toxic, Turbo","治疗/火、草；来源标签 health, heal"
pal_190,潮鹤精,bz_van_190,Turbo,13,"Turbo, Restorative, Mossy, Radiant, Deadly, Fiery, Golden, Heavy, Icy, Obsidian, Shielded, Shiny, Toxic","治疗/水、地；来源标签 healreference, haste"
pal_191,焰豹将,bz_van_191,Fiery,13,"Fiery, Deadly, Obsidian, Golden, Heavy, Icy, Mossy, Radiant, Restorative, Shielded, Shiny, Toxic, Turbo","输出/火、雷；来源标签 burn, ammo"
pal_192,赤鼋妖,bz_van_192,Fiery,13,"Fiery, Heavy, Shielded, Mossy, Deadly, Golden, Icy, Obsidian, Radiant, Restorative, Shiny, Toxic, Turbo","坦克/火、地；来源标签 weapon, damagereference"
pal_193,雷狼卫,bz_van_193,Deadly,13,"Deadly, Fiery, Obsidian, Golden, Heavy, Icy, Mossy, Radiant, Restorative, Shielded, Shiny, Toxic, Turbo","输出/雷；来源标签 weapon, crit"
pal_194,电虎侯,bz_van_194,Deadly,13,"Deadly, Fiery, Obsidian, Golden, Heavy, Icy, Mossy, Radiant, Restorative, Shielded, Shiny, Toxic, Turbo",输出/雷；来源标签 crit
pal_195,燎狼将,bz_van_195,Fiery,13,"Fiery, Deadly, Obsidian, Golden, Heavy, Icy, Mossy, Radiant, Restorative, Shielded, Shiny, Toxic, Turbo",输出/火；来源标签 burn
pal_196,凛鳗王,bz_van_196,Icy,13,"Icy, Toxic, Obsidian, Deadly, Fiery, Golden, Heavy, Mossy, Radiant, Restorative, Shielded, Shiny, Turbo","控制/冰、雷；来源标签 freezereference, ammo, damagereference"
pal_197,寒狐祖,bz_van_197,Icy,13,"Icy, Toxic, Obsidian, Deadly, Fiery, Golden, Heavy, Mossy, Radiant, Restorative, Shielded, Shiny, Turbo","控制/冰；来源标签 weapon, damagereference"
pal_198,赤虎仔,bz_van_198,Fiery,13,"Fiery, Deadly, Obsidian, Golden, Heavy, Icy, Mossy, Radiant, Restorative, Shielded, Shiny, Toxic, Turbo",输出/火；来源标签 burnreference
pal_199,藤貂仔,bz_van_199,Toxic,13,"Toxic, Icy, Obsidian, Deadly, Fiery, Golden, Heavy, Mossy, Radiant, Restorative, Shielded, Shiny, Turbo",控制/草；来源标签 poisonreference
pal_200,烬豹侯,bz_van_200,Fiery,13,"Fiery, Deadly, Obsidian, Golden, Heavy, Icy, Mossy, Radiant, Restorative, Shielded, Shiny, Toxic, Turbo","输出/火、雷；来源标签 burnreference, critreference"
pal_201,潮鸾卫,bz_van_201,Restorative,13,"Restorative, Mossy, Radiant, Deadly, Fiery, Golden, Heavy, Icy, Obsidian, Shielded, Shiny, Toxic, Turbo","治疗/水、雷；来源标签 healreference, critreference"
pal_202,苔狐侯,bz_van_202,Toxic,13,"Toxic, Icy, Obsidian, Deadly, Fiery, Golden, Heavy, Mossy, Radiant, Restorative, Shielded, Shiny, Turbo","控制/草、雷；来源标签 poisonreference, critreference"
pal_203,霆熊卫,bz_van_203,Shielded,13,"Shielded, Heavy, Mossy, Deadly, Fiery, Golden, Icy, Obsidian, Radiant, Restorative, Shiny, Toxic, Turbo","坦克/雷、地；来源标签 shieldreference, critreference"
pal_204,闪鲨将,bz_van_204,Deadly,13,"Deadly, Fiery, Obsidian, Golden, Heavy, Icy, Mossy, Radiant, Restorative, Shielded, Shiny, Toxic, Turbo","输出/雷；来源标签 weapon, damagereference, critreference"
pal_205,雷隼卫,bz_van_205,Deadly,13,"Deadly, Fiery, Obsidian, Golden, Heavy, Icy, Mossy, Radiant, Restorative, Shielded, Shiny, Toxic, Turbo",输出/雷；来源标签 crit
pal_206,霜狐卫,bz_van_206,Icy,13,"Icy, Toxic, Obsidian, Deadly, Fiery, Golden, Heavy, Mossy, Radiant, Restorative, Shielded, Shiny, Turbo",控制/冰；来源标签 freeze
pal_207,森蛇童,bz_van_207,Toxic,13,"Toxic, Icy, Obsidian, Deadly, Fiery, Golden, Heavy, Mossy, Radiant, Restorative, Shielded, Shiny, Turbo",控制/草；来源标签 poisonreference
pal_208,冰蛙将,bz_van_208,Icy,13,"Icy, Toxic, Obsidian, Deadly, Fiery, Golden, Heavy, Mossy, Radiant, Restorative, Shielded, Shiny, Turbo","控制/冰；来源标签 haste, freezereference"
pal_209,夜貉精,bz_van_209,Golden,13,"Golden, Shiny, Radiant, Deadly, Fiery, Heavy, Icy, Mossy, Obsidian, Restorative, Shielded, Toxic, Turbo","经济/暗；来源标签 weapon, damagereference"
pal_210,震豹童,bz_van_210,Deadly,13,"Deadly, Fiery, Obsidian, Golden, Heavy, Icy, Mossy, Radiant, Restorative, Shielded, Shiny, Toxic, Turbo",输出/雷；来源标签 crit
pal_211,夜雀皇,bz_van_211,Turbo,13,"Turbo, Deadly, Shiny, Fiery, Golden, Heavy, Icy, Mossy, Obsidian, Radiant, Restorative, Shielded, Toxic","机动/暗；来源标签 weapon, cooldown, damagereference"
pal_212,沧鹤妖,bz_van_212,Restorative,13,"Restorative, Mossy, Radiant, Deadly, Fiery, Golden, Heavy, Icy, Obsidian, Shielded, Shiny, Toxic, Turbo",治疗/水、地；来源标签 health
pal_213,震鹰童,bz_van_213,Deadly,13,"Deadly, Fiery, Obsidian, Golden, Heavy, Icy, Mossy, Radiant, Restorative, Shielded, Shiny, Toxic, Turbo",输出/雷；来源标签 crit
pal_214,角鲨兽,bz_van_214,Deadly,13,"Deadly, Fiery, Obsidian, Golden, Heavy, Icy, Mossy, Radiant, Restorative, Shielded, Shiny, Toxic, Turbo","输出/龙；来源标签 weapon, damagereference"
pal_215,角隼尊,bz_van_215,Turbo,13,"Turbo, Deadly, Shiny, Fiery, Golden, Heavy, Icy, Mossy, Obsidian, Radiant, Restorative, Shielded, Toxic",机动/龙；来源标签 haste
pal_216,霆鲭将,bz_van_216,Turbo,13,"Turbo, Deadly, Shiny, Fiery, Golden, Heavy, Icy, Mossy, Obsidian, Radiant, Restorative, Shielded, Toxic",机动/雷；来源标签 cooldown
pal_217,震雀将,bz_van_217,Golden,13,"Golden, Shiny, Radiant, Deadly, Fiery, Heavy, Icy, Mossy, Obsidian, Restorative, Shielded, Toxic, Turbo","经济/雷；来源标签 weapon, damagereference"
pal_218,赤鹤皇,bz_van_218,Fiery,13,"Fiery, Restorative, Mossy, Radiant, Deadly, Golden, Heavy, Icy, Obsidian, Shielded, Shiny, Toxic, Turbo","治疗/火、水；来源标签 burnreference, cooldown"
pal_219,霆狼妖,bz_van_219,Deadly,13,"Deadly, Fiery, Obsidian, Golden, Heavy, Icy, Mossy, Radiant, Restorative, Shielded, Shiny, Toxic, Turbo","输出/雷；来源标签 ammo, damagereference"
pal_220,碧雀君,bz_van_220,Turbo,13,"Turbo, Deadly, Shiny, Fiery, Golden, Heavy, Icy, Mossy, Obsidian, Radiant, Restorative, Shielded, Toxic",机动/水；来源标签 aquatic
pal_221,霆虎神,bz_van_221,Deadly,13,"Deadly, Fiery, Obsidian, Golden, Heavy, Icy, Mossy, Radiant, Restorative, Shielded, Shiny, Toxic, Turbo","输出/雷；来源标签 weapon, ammo, damagereference"
pal_222,雷猿王,bz_van_222,Turbo,13,"Turbo, Deadly, Shiny, Fiery, Golden, Heavy, Icy, Mossy, Obsidian, Radiant, Restorative, Shielded, Toxic","机动/雷；来源标签 weapon, charge, damagereference"
pal_223,燎蚌皇,bz_van_223,Fiery,13,"Fiery, Restorative, Mossy, Radiant, Deadly, Golden, Heavy, Icy, Obsidian, Shielded, Shiny, Toxic, Turbo","治疗/火、水；来源标签 regen, burnreference"
pal_224,夜蝎卫,bz_van_224,Icy,13,"Icy, Toxic, Obsidian, Deadly, Fiery, Golden, Heavy, Mossy, Radiant, Restorative, Shielded, Shiny, Turbo",控制/暗；来源标签 slow
pal_225,星隼精,bz_van_225,Deadly,13,"Deadly, Fiery, Obsidian, Golden, Heavy, Icy, Mossy, Radiant, Restorative, Shielded, Shiny, Toxic, Turbo","输出/无；来源标签 weapon, damagereference"
pal_226,潮雀妖,bz_van_226,Turbo,13,"Turbo, Deadly, Shiny, Fiery, Golden, Heavy, Icy, Mossy, Obsidian, Radiant, Restorative, Shielded, Toxic","机动/水；来源标签 aquatic, haste"
pal_227,蛟蛙侯,bz_van_227,Icy,13,"Icy, Toxic, Obsidian, Deadly, Fiery, Golden, Heavy, Mossy, Radiant, Restorative, Shielded, Shiny, Turbo","控制/龙；来源标签 vehicle, haste, slowreference"
pal_228,凛蝎卫,bz_van_228,Icy,13,"Icy, Toxic, Obsidian, Deadly, Fiery, Golden, Heavy, Mossy, Radiant, Restorative, Shielded, Shiny, Turbo","控制/冰、草；来源标签 poisonreference, freeze"
pal_229,闪狼侯,bz_van_229,Deadly,13,"Deadly, Fiery, Obsidian, Golden, Heavy, Icy, Mossy, Radiant, Restorative, Shielded, Shiny, Toxic, Turbo","输出/雷；来源标签 crit, ammoreference"
pal_230,震隼灵,bz_van_230,Deadly,13,"Deadly, Fiery, Obsidian, Golden, Heavy, Icy, Mossy, Radiant, Restorative, Shielded, Shiny, Toxic, Turbo",输出/雷；来源标签 crit
pal_231,苔蛛将,bz_van_231,Toxic,13,"Toxic, Icy, Obsidian, Deadly, Fiery, Golden, Heavy, Mossy, Radiant, Restorative, Shielded, Shiny, Turbo",控制/草；来源标签 poison
pal_232,汐羊王,bz_van_232,Deadly,13,"Deadly, Restorative, Mossy, Radiant, Fiery, Golden, Heavy, Icy, Obsidian, Shielded, Shiny, Toxic, Turbo","治疗/水、雷；来源标签 weapon, lifesteal, crit"
pal_233,山象王,bz_van_233,Turbo,13,"Turbo, Heavy, Shielded, Mossy, Deadly, Fiery, Golden, Icy, Obsidian, Radiant, Restorative, Shiny, Toxic","坦克/地；来源标签 shieldreference, cooldown"
pal_234,寒蟒卫,bz_van_234,Icy,13,"Icy, Toxic, Obsidian, Deadly, Fiery, Golden, Heavy, Mossy, Radiant, Restorative, Shielded, Shiny, Turbo","控制/冰；来源标签 hastereference, freeze"
pal_235,朱鲭将,bz_van_235,Fiery,13,"Fiery, Turbo, Deadly, Shiny, Golden, Heavy, Icy, Mossy, Obsidian, Radiant, Restorative, Shielded, Toxic","机动/火；来源标签 burnreference, haste"
pal_236,寒鹰祖,bz_van_236,Shiny,13,"Shiny, Deadly, Fiery, Obsidian, Golden, Heavy, Icy, Mossy, Radiant, Restorative, Shielded, Toxic, Turbo",输出/冰；来源标签 tool
pal_237,寒蝎尊,bz_van_237,Icy,13,"Icy, Toxic, Obsidian, Deadly, Fiery, Golden, Heavy, Mossy, Radiant, Restorative, Shielded, Shiny, Turbo","控制/冰、雷；来源标签 freezereference, crit"
pal_238,石甲兽,bz_van_238,Shielded,13,"Shielded, Heavy, Mossy, Deadly, Fiery, Golden, Icy, Obsidian, Radiant, Restorative, Shiny, Toxic, Turbo",坦克/地；来源标签 shieldreference
pal_239,沧鹤神,bz_van_239,Turbo,13,"Turbo, Restorative, Mossy, Radiant, Deadly, Fiery, Golden, Heavy, Icy, Obsidian, Shielded, Shiny, Toxic",治疗/水、地；来源标签 cooldown
pal_240,碧蚌将,bz_van_240,Mossy,13,"Mossy, Restorative, Radiant, Deadly, Fiery, Golden, Heavy, Icy, Obsidian, Shielded, Shiny, Toxic, Turbo",治疗/水；来源标签 regen
pal_241,墨蝎王,bz_van_241,Obsidian,13,"Obsidian, Icy, Toxic, Deadly, Fiery, Golden, Heavy, Mossy, Radiant, Restorative, Shielded, Shiny, Turbo",控制/暗；来源标签 无
pal_242,鸣螳仔,bz_van_242,Deadly,13,"Deadly, Fiery, Obsidian, Golden, Heavy, Icy, Mossy, Radiant, Restorative, Shielded, Shiny, Toxic, Turbo",输出/雷；来源标签 crit
pal_243,岩豹兽,bz_van_243,Deadly,13,"Deadly, Fiery, Obsidian, Golden, Heavy, Icy, Mossy, Radiant, Restorative, Shielded, Shiny, Toxic, Turbo","输出/地；来源标签 weapon, damagereference"
pal_244,雷蛛妖,bz_van_244,Icy,13,"Icy, Toxic, Obsidian, Deadly, Fiery, Golden, Heavy, Mossy, Radiant, Restorative, Shielded, Shiny, Turbo","控制/雷；来源标签 slowreference, charge"
pal_245,角蛙君,bz_van_245,Icy,13,"Icy, Toxic, Obsidian, Deadly, Fiery, Golden, Heavy, Mossy, Radiant, Restorative, Shielded, Shiny, Turbo","控制/龙；来源标签 tool, slow"
pal_246,燎隼精,bz_van_246,Fiery,13,"Fiery, Turbo, Deadly, Shiny, Golden, Heavy, Icy, Mossy, Obsidian, Radiant, Restorative, Shielded, Toxic","机动/火；来源标签 burnreference, hastereference"
pal_247,潮羊卫,bz_van_247,Restorative,13,"Restorative, Mossy, Radiant, Deadly, Fiery, Golden, Heavy, Icy, Obsidian, Shielded, Shiny, Toxic, Turbo","治疗/水、地；来源标签 heal, healthreference"
pal_248,岳熊精,bz_van_248,Shielded,13,"Shielded, Heavy, Mossy, Deadly, Fiery, Golden, Icy, Obsidian, Radiant, Restorative, Shiny, Toxic, Turbo","坦克/地；来源标签 weapon, shieldreference, damagereference"
pal_249,霆鲨皇,bz_van_249,Deadly,13,"Deadly, Fiery, Obsidian, Golden, Heavy, Icy, Mossy, Radiant, Restorative, Shielded, Shiny, Toxic, Turbo","输出/雷；来源标签 weapon, damagereference, crit"
pal_250,霜貂卫,bz_van_250,Icy,13,"Icy, Toxic, Obsidian, Deadly, Fiery, Golden, Heavy, Mossy, Radiant, Restorative, Shielded, Shiny, Turbo","控制/冰；来源标签 weapon, freezereference, damagereference"
pal_251,霆牦王,bz_van_251,Turbo,13,"Turbo, Heavy, Shielded, Mossy, Deadly, Fiery, Golden, Icy, Obsidian, Radiant, Restorative, Shiny, Toxic","坦克/雷、地；来源标签 weapon, charge, damagereference"
pal_252,炎蛛尊,bz_van_252,Fiery,13,"Fiery, Icy, Toxic, Obsidian, Deadly, Golden, Heavy, Mossy, Radiant, Restorative, Shielded, Shiny, Turbo","控制/火、草；来源标签 charge, poisonreference, burnreference"
pal_253,炎鳗精,bz_van_253,Icy,13,"Icy, Toxic, Obsidian, Deadly, Fiery, Golden, Heavy, Mossy, Radiant, Restorative, Shielded, Shiny, Turbo","控制/火；来源标签 weapon, damagereference, slowreference"
pal_254,赤蟒王,bz_van_254,Fiery,13,"Fiery, Icy, Toxic, Obsidian, Deadly, Golden, Heavy, Mossy, Radiant, Restorative, Shielded, Shiny, Turbo","控制/火、雷；来源标签 charge, burnreference, slowreference"
pal_255,电蟒精,bz_van_255,Icy,13,"Icy, Toxic, Obsidian, Deadly, Fiery, Golden, Heavy, Mossy, Radiant, Restorative, Shielded, Shiny, Turbo","控制/雷；来源标签 slowreference, crit"
pal_256,震隼将,bz_van_256,Turbo,13,"Turbo, Deadly, Shiny, Fiery, Golden, Heavy, Icy, Mossy, Obsidian, Radiant, Restorative, Shielded, Toxic","机动/雷；来源标签 hastereference, crit"
pal_257,翠隼将,bz_van_257,Deadly,13,"Deadly, Fiery, Obsidian, Golden, Heavy, Icy, Mossy, Radiant, Restorative, Shielded, Shiny, Toxic, Turbo","输出/草；来源标签 weapon, damagereference"
pal_258,汐蝶精,bz_van_258,Icy,13,"Icy, Restorative, Mossy, Radiant, Deadly, Fiery, Golden, Heavy, Obsidian, Shielded, Shiny, Toxic, Turbo",治疗/水、地；来源标签 slow
pal_259,朱雀妖,bz_van_259,Turbo,13,"Turbo, Deadly, Shiny, Fiery, Golden, Heavy, Icy, Mossy, Obsidian, Radiant, Restorative, Shielded, Toxic","机动/火；来源标签 weapon, damagereference, hastereference"
pal_260,云隼兽,bz_van_260,Deadly,13,"Deadly, Fiery, Obsidian, Golden, Heavy, Icy, Mossy, Radiant, Restorative, Shielded, Shiny, Toxic, Turbo","输出/无；来源标签 weapon, damagereference"
pal_261,寒貂卫,bz_van_261,Icy,13,"Icy, Toxic, Obsidian, Deadly, Fiery, Golden, Heavy, Mossy, Radiant, Restorative, Shielded, Shiny, Turbo","控制/冰、雷；来源标签 critreference, freeze"
pal_262,澜象将,bz_van_262,Shielded,13,"Shielded, Heavy, Mossy, Deadly, Fiery, Golden, Icy, Obsidian, Radiant, Restorative, Shiny, Toxic, Turbo","坦克/水、地；来源标签 weapon, aquatic, damagereference, shieldreference"
pal_263,沙鹰仔,bz_van_263,Heavy,13,"Heavy, Deadly, Fiery, Obsidian, Golden, Icy, Mossy, Radiant, Restorative, Shielded, Shiny, Toxic, Turbo",输出/地；来源标签 无
pal_264,蛟鲨精,bz_van_264,Deadly,13,"Deadly, Fiery, Obsidian, Golden, Heavy, Icy, Mossy, Radiant, Restorative, Shielded, Shiny, Toxic, Turbo","输出/龙；来源标签 weapon, damagereference"
pal_265,电狐王,bz_van_265,Icy,13,"Icy, Toxic, Obsidian, Deadly, Fiery, Golden, Heavy, Mossy, Radiant, Restorative, Shielded, Shiny, Turbo","控制/雷；来源标签 weapon, slowreference, charge"
pal_266,沧狮将,bz_van_266,Deadly,13,"Deadly, Fiery, Obsidian, Golden, Heavy, Icy, Mossy, Radiant, Restorative, Shielded, Shiny, Toxic, Turbo","输出/水；来源标签 weapon, damagereference"
pal_267,炎鲭侯,bz_van_267,Turbo,13,"Turbo, Deadly, Shiny, Fiery, Golden, Heavy, Icy, Mossy, Obsidian, Radiant, Restorative, Shielded, Toxic",机动/火；来源标签 cooldown
pal_268,石牦灵,bz_van_268,Shielded,13,"Shielded, Heavy, Mossy, Deadly, Fiery, Golden, Icy, Obsidian, Radiant, Restorative, Shiny, Toxic, Turbo",坦克/地；来源标签 shieldreference
pal_269,焰蝎妖,bz_van_269,Fiery,13,"Fiery, Icy, Toxic, Obsidian, Deadly, Golden, Heavy, Mossy, Radiant, Restorative, Shielded, Shiny, Turbo","控制/火、草；来源标签 poisonreference, burnreference"
pal_270,芽蛛将,bz_van_270,Toxic,13,"Toxic, Icy, Obsidian, Deadly, Fiery, Golden, Heavy, Mossy, Radiant, Restorative, Shielded, Shiny, Turbo","控制/草；来源标签 weapon, poisonreference"
pal_271,青蛇将,bz_van_271,Toxic,13,"Toxic, Icy, Obsidian, Deadly, Fiery, Golden, Heavy, Mossy, Radiant, Restorative, Shielded, Shiny, Turbo","控制/草；来源标签 damagereference, poisonreference"
pal_272,芽貂卫,bz_van_272,Toxic,13,"Toxic, Icy, Obsidian, Deadly, Fiery, Golden, Heavy, Mossy, Radiant, Restorative, Shielded, Shiny, Turbo","控制/草；来源标签 poisonreference, haste"
pal_273,燎鹰卫,bz_van_273,Fiery,13,"Fiery, Deadly, Obsidian, Golden, Heavy, Icy, Mossy, Radiant, Restorative, Shielded, Shiny, Toxic, Turbo","输出/火、雷；来源标签 burnreference, crit"
pal_274,苔貂王,bz_van_274,Toxic,13,"Toxic, Icy, Obsidian, Deadly, Fiery, Golden, Heavy, Mossy, Radiant, Restorative, Shielded, Shiny, Turbo","控制/草、雷；来源标签 weapon, charge, poisonreference, damagereference"
pal_275,青鹿祖,bz_van_275,Toxic,13,"Toxic, Restorative, Mossy, Radiant, Deadly, Fiery, Golden, Heavy, Icy, Obsidian, Shielded, Shiny, Turbo","治疗/草、水；来源标签 regen, poisonreference"
pal_276,焰蟾卫,bz_van_276,Fiery,13,"Fiery, Radiant, Mossy, Shielded, Deadly, Golden, Heavy, Icy, Obsidian, Restorative, Shiny, Toxic, Turbo","召唤/火、龙；来源标签 friend, burn"
pal_277,澜蚌灵,bz_van_277,Restorative,13,"Restorative, Mossy, Radiant, Deadly, Fiery, Golden, Heavy, Icy, Obsidian, Shielded, Shiny, Toxic, Turbo","治疗/水、龙；来源标签 aquatic, relic, economyreference, value, heal"
pal_278,岩犀仔,bz_van_278,Shielded,13,"Shielded, Heavy, Mossy, Deadly, Fiery, Golden, Icy, Obsidian, Radiant, Restorative, Shiny, Toxic, Turbo",坦克/地；来源标签 shield
pal_279,凝隼兽,bz_van_279,Deadly,13,"Deadly, Fiery, Obsidian, Golden, Heavy, Icy, Mossy, Radiant, Restorative, Shielded, Shiny, Toxic, Turbo","输出/冰；来源标签 weapon, damage"
pal_280,潮猿仔,bz_van_280,Turbo,13,"Turbo, Deadly, Shiny, Fiery, Golden, Heavy, Icy, Mossy, Obsidian, Radiant, Restorative, Shielded, Toxic","机动/水；来源标签 aquatic, toy, haste"
pal_281,渊隼兽,bz_van_281,Deadly,13,"Deadly, Fiery, Obsidian, Golden, Heavy, Icy, Mossy, Radiant, Restorative, Shielded, Shiny, Toxic, Turbo","输出/水；来源标签 weapon, aquatic, damage"
pal_282,震蛙童,bz_van_282,Icy,13,"Icy, Toxic, Obsidian, Deadly, Fiery, Golden, Heavy, Mossy, Radiant, Restorative, Shielded, Shiny, Turbo","控制/雷；来源标签 weapon, damage, ammo, slow"
pal_283,鸣蟾仔,bz_van_283,Deadly,13,"Deadly, Radiant, Mossy, Shielded, Fiery, Golden, Heavy, Icy, Obsidian, Restorative, Shiny, Toxic, Turbo","召唤/雷、龙；来源标签 friend, weapon, damage, critreference"
pal_284,朱鲨童,bz_van_284,Fiery,13,"Fiery, Deadly, Obsidian, Golden, Heavy, Icy, Mossy, Radiant, Restorative, Shielded, Shiny, Toxic, Turbo","输出/火、雷；来源标签 weapon, damage, ammo, burn"
pal_285,翠蝎灵,bz_van_285,Toxic,13,"Toxic, Icy, Obsidian, Deadly, Fiery, Golden, Heavy, Mossy, Radiant, Restorative, Shielded, Shiny, Turbo","控制/草、水；来源标签 aquatic, friend, poison, hastereference"
pal_286,森狮童,bz_van_286,Deadly,13,"Deadly, Fiery, Obsidian, Golden, Heavy, Icy, Mossy, Radiant, Restorative, Shielded, Shiny, Toxic, Turbo","输出/草、水；来源标签 aquatic, food, crit"
pal_287,云狐兽,bz_van_287,Turbo,13,"Turbo, Deadly, Shiny, Fiery, Golden, Heavy, Icy, Mossy, Obsidian, Radiant, Restorative, Shielded, Toxic","机动/无；来源标签 weapon, damage, gold, haste"
pal_288,澜兔仔,bz_van_288,Restorative,13,"Restorative, Mossy, Radiant, Deadly, Fiery, Golden, Heavy, Icy, Obsidian, Shielded, Shiny, Toxic, Turbo","治疗/水、龙；来源标签 aquatic, relic, heal"
pal_289,沧鼋童,bz_van_289,Shielded,13,"Shielded, Heavy, Mossy, Deadly, Fiery, Golden, Icy, Obsidian, Radiant, Restorative, Shiny, Toxic, Turbo","坦克/水、地；来源标签 aquatic, apparel, relic, shield"
pal_290,汐象兽,bz_van_290,Shielded,13,"Shielded, Heavy, Mossy, Deadly, Fiery, Golden, Icy, Obsidian, Radiant, Restorative, Shiny, Toxic, Turbo","坦克/水、地；来源标签 aquatic, property, shield, value, economyreference"
pal_291,震虎灵,bz_van_291,Deadly,13,"Deadly, Fiery, Obsidian, Golden, Heavy, Icy, Mossy, Radiant, Restorative, Shielded, Shiny, Toxic, Turbo","输出/雷；来源标签 weapon, damage, critreference"
pal_292,闪狮童,bz_van_292,Deadly,13,"Deadly, Fiery, Obsidian, Golden, Heavy, Icy, Mossy, Radiant, Restorative, Shielded, Shiny, Toxic, Turbo","输出/雷；来源标签 weapon, damage, ammo"
pal_293,潮貂仔,bz_van_293,Icy,13,"Icy, Toxic, Obsidian, Deadly, Fiery, Golden, Heavy, Mossy, Radiant, Restorative, Shielded, Shiny, Turbo","控制/水；来源标签 aquatic, tool, slow, economyreference"
pal_294,澜燕灵,bz_van_294,Turbo,13,"Turbo, Deadly, Shiny, Fiery, Golden, Heavy, Icy, Mossy, Obsidian, Radiant, Restorative, Shielded, Toxic","机动/水；来源标签 aquatic, tool, haste"
pal_295,沧鲭童,bz_van_295,Turbo,13,"Turbo, Deadly, Shiny, Fiery, Golden, Heavy, Icy, Mossy, Obsidian, Radiant, Restorative, Shielded, Toxic","机动/水、龙；来源标签 aquatic, friend, weapon, haste, flying"
pal_296,雷隼兽,bz_van_296,Deadly,13,"Deadly, Fiery, Obsidian, Golden, Heavy, Icy, Mossy, Radiant, Restorative, Shielded, Shiny, Toxic, Turbo","输出/雷；来源标签 weapon, damage, ammo"
pal_297,凝蛇灵,bz_van_297,Icy,13,"Icy, Toxic, Obsidian, Deadly, Fiery, Golden, Heavy, Mossy, Radiant, Restorative, Shielded, Shiny, Turbo","控制/冰；来源标签 weapon, tool, damage, slow"
pal_298,电虎灵,bz_van_298,Deadly,13,"Deadly, Fiery, Obsidian, Golden, Heavy, Icy, Mossy, Radiant, Restorative, Shielded, Shiny, Toxic, Turbo","输出/雷；来源标签 weapon, damage, ammo"
pal_299,夜鹰仔,bz_van_299,Deadly,13,"Deadly, Fiery, Obsidian, Golden, Heavy, Icy, Mossy, Radiant, Restorative, Shielded, Shiny, Toxic, Turbo","输出/暗；来源标签 weapon, damage"
pal_300,沧虎灵,bz_van_300,Deadly,13,"Deadly, Fiery, Obsidian, Golden, Heavy, Icy, Mossy, Radiant, Restorative, Shielded, Shiny, Toxic, Turbo","输出/水；来源标签 tool, damagereference"
pal_301,澜貂仔,bz_van_301,Icy,13,"Icy, Toxic, Obsidian, Deadly, Fiery, Golden, Heavy, Mossy, Radiant, Restorative, Shielded, Shiny, Turbo","控制/水、龙；来源标签 aquatic, friend, ray, slow"
pal_302,芽蝎仔,bz_van_302,Toxic,13,"Toxic, Icy, Obsidian, Deadly, Fiery, Golden, Heavy, Mossy, Radiant, Restorative, Shielded, Shiny, Turbo","控制/草、水；来源标签 aquatic, friend, poison, haste"
pal_303,翠隼童,bz_van_303,Deadly,13,"Deadly, Fiery, Obsidian, Golden, Heavy, Icy, Mossy, Radiant, Restorative, Shielded, Shiny, Toxic, Turbo","输出/草；来源标签 weapon, damage"
pal_304,虬豹兽,bz_van_304,Deadly,13,"Deadly, Fiery, Obsidian, Golden, Heavy, Icy, Mossy, Radiant, Restorative, Shielded, Shiny, Toxic, Turbo","输出/龙；来源标签 weapon, relic, damage"
pal_305,汐羊童,bz_van_305,Restorative,13,"Restorative, Mossy, Radiant, Deadly, Fiery, Golden, Heavy, Icy, Obsidian, Shielded, Shiny, Toxic, Turbo","治疗/水、地；来源标签 aquatic, shield, heal"
pal_306,燎豹童,bz_van_306,Fiery,13,"Fiery, Deadly, Obsidian, Golden, Heavy, Icy, Mossy, Radiant, Restorative, Shielded, Shiny, Toxic, Turbo","输出/火；来源标签 tool, burn"
pal_307,赤蛇仔,bz_van_307,Fiery,13,"Fiery, Icy, Toxic, Obsidian, Deadly, Golden, Heavy, Mossy, Radiant, Restorative, Shielded, Shiny, Turbo","控制/火、水；来源标签 aquatic, weapon, friend, damage, burn, slowreference, ammo"
pal_308,汐燕仔,bz_van_308,Deadly,13,"Deadly, Turbo, Shiny, Fiery, Golden, Heavy, Icy, Mossy, Obsidian, Radiant, Restorative, Shielded, Toxic","机动/水、雷；来源标签 aquatic, friend, weapon, crit, flying"
pal_309,碧鲲灵,bz_van_309,Deadly,13,"Deadly, Radiant, Mossy, Shielded, Fiery, Golden, Heavy, Icy, Obsidian, Restorative, Shiny, Toxic, Turbo","召唤/水、龙；来源标签 aquatic, weapon, friend, damage"
pal_310,汐熊仔,bz_van_310,Shielded,13,"Shielded, Heavy, Mossy, Deadly, Fiery, Golden, Icy, Obsidian, Radiant, Restorative, Shiny, Toxic, Turbo","坦克/水、地；来源标签 aquatic, shield"
pal_311,朱雀灵,bz_van_311,Fiery,13,"Fiery, Turbo, Deadly, Shiny, Golden, Heavy, Icy, Mossy, Obsidian, Radiant, Restorative, Shielded, Toxic","机动/火、龙；来源标签 friend, burn, flying"
pal_312,霆螺灵,bz_van_312,Deadly,13,"Deadly, Radiant, Mossy, Shielded, Fiery, Golden, Heavy, Icy, Obsidian, Restorative, Shiny, Toxic, Turbo","召唤/雷、地；来源标签 weapon, friend, toy, damage, crit"
pal_313,沧狐兽,bz_van_313,Turbo,13,"Turbo, Deadly, Shiny, Fiery, Golden, Heavy, Icy, Mossy, Obsidian, Radiant, Restorative, Shielded, Toxic","机动/水、雷；来源标签 aquatic, weapon, friend, damage, charge"
pal_314,震燕将,bz_van_314,Turbo,13,"Turbo, Deadly, Shiny, Fiery, Golden, Heavy, Icy, Mossy, Obsidian, Radiant, Restorative, Shielded, Toxic","机动/雷；来源标签 weapon, damage, ammo, hastereference"
pal_315,炎燕将,bz_van_315,Turbo,13,"Turbo, Deadly, Shiny, Fiery, Golden, Heavy, Icy, Mossy, Obsidian, Radiant, Restorative, Shielded, Toxic","机动/火；来源标签 tool, haste"
pal_316,沧鲭卫,bz_van_316,Deadly,13,"Deadly, Turbo, Shiny, Fiery, Golden, Heavy, Icy, Mossy, Obsidian, Radiant, Restorative, Shielded, Toxic","机动/水、龙；来源标签 weapon, tech, aquatic, vehicle, damage, flying"
pal_317,焰狐卫,bz_van_317,Fiery,13,"Fiery, Turbo, Deadly, Shiny, Golden, Heavy, Icy, Mossy, Obsidian, Radiant, Restorative, Shielded, Toxic","机动/火；来源标签 burn, haste"
pal_318,蛟隼妖,bz_van_318,Deadly,13,"Deadly, Fiery, Obsidian, Golden, Heavy, Icy, Mossy, Radiant, Restorative, Shielded, Shiny, Toxic, Turbo","输出/龙；来源标签 weapon, damage"
pal_319,闪隼妖,bz_van_319,Deadly,13,"Deadly, Fiery, Obsidian, Golden, Heavy, Icy, Mossy, Radiant, Restorative, Shielded, Shiny, Toxic, Turbo",输出/雷；来源标签 ammoreference
pal_320,潮狐精,bz_van_320,Turbo,13,"Turbo, Deadly, Shiny, Fiery, Golden, Heavy, Icy, Mossy, Obsidian, Radiant, Restorative, Shielded, Toxic","机动/水、雷；来源标签 aquatic, property, haste, damagereference, ammoreference"
pal_321,澜隼精,bz_van_321,Turbo,13,"Turbo, Deadly, Shiny, Fiery, Golden, Heavy, Icy, Mossy, Obsidian, Radiant, Restorative, Shielded, Toxic","机动/水；来源标签 aquatic, tool, haste"
pal_322,寒狮卫,bz_van_322,Shiny,13,"Shiny, Deadly, Fiery, Obsidian, Golden, Heavy, Icy, Mossy, Radiant, Restorative, Shielded, Toxic, Turbo",输出/冰；来源标签 无
pal_323,朱隼精,bz_van_323,Fiery,13,"Fiery, Deadly, Obsidian, Golden, Heavy, Icy, Mossy, Radiant, Restorative, Shielded, Shiny, Toxic, Turbo","输出/火；来源标签 weapon, tech, damage, burn"
pal_324,汐蛇妖,bz_van_324,Icy,13,"Icy, Toxic, Obsidian, Deadly, Fiery, Golden, Heavy, Mossy, Radiant, Restorative, Shielded, Shiny, Turbo","控制/水；来源标签 aquatic, slow"
pal_325,潮虎妖,bz_van_325,Deadly,13,"Deadly, Fiery, Obsidian, Golden, Heavy, Icy, Mossy, Radiant, Restorative, Shielded, Shiny, Toxic, Turbo","输出/水、雷；来源标签 property, aquatic, crit"
pal_326,闪猿将,bz_van_326,Turbo,13,"Turbo, Deadly, Shiny, Fiery, Golden, Heavy, Icy, Mossy, Obsidian, Radiant, Restorative, Shielded, Toxic","机动/雷；来源标签 tech, crit, charge"
pal_327,雷虎卫,bz_van_327,Deadly,13,"Deadly, Fiery, Obsidian, Golden, Heavy, Icy, Mossy, Radiant, Restorative, Shielded, Shiny, Toxic, Turbo","输出/雷；来源标签 weapon, tech, damage, critreference"
pal_328,燎貂将,bz_van_328,Fiery,13,"Fiery, Icy, Toxic, Obsidian, Deadly, Golden, Heavy, Mossy, Radiant, Restorative, Shielded, Shiny, Turbo","控制/火、水；来源标签 friend, aquatic, burn, slowreference"
pal_329,苔蝎将,bz_van_329,Icy,13,"Icy, Toxic, Obsidian, Deadly, Fiery, Golden, Heavy, Mossy, Radiant, Restorative, Shielded, Shiny, Turbo","控制/草；来源标签 weapon, tech, damage, slow, poison"
pal_330,霆雀精,bz_van_330,Turbo,13,"Turbo, Deadly, Shiny, Fiery, Golden, Heavy, Icy, Mossy, Obsidian, Radiant, Restorative, Shielded, Toxic","机动/雷；来源标签 apparel, charge"
pal_331,沧狐将,bz_van_331,Turbo,13,"Turbo, Deadly, Shiny, Fiery, Golden, Heavy, Icy, Mossy, Obsidian, Radiant, Restorative, Shielded, Toxic","机动/水、雷；来源标签 aquatic, tool, apparel, haste, ammo"
pal_332,澜鳗妖,bz_van_332,Icy,13,"Icy, Toxic, Obsidian, Deadly, Fiery, Golden, Heavy, Mossy, Radiant, Restorative, Shielded, Shiny, Turbo","控制/水；来源标签 tool, aquatic, slow"
pal_333,烬狐妖,bz_van_333,Fiery,13,"Fiery, Icy, Toxic, Obsidian, Deadly, Golden, Heavy, Mossy, Radiant, Restorative, Shielded, Shiny, Turbo","控制/火、冰；来源标签 aquatic, tech, trap, burn, poison, freeze, ammo"
pal_334,碧狐精,bz_van_334,Turbo,13,"Turbo, Deadly, Shiny, Fiery, Golden, Heavy, Icy, Mossy, Obsidian, Radiant, Restorative, Shielded, Toxic","机动/水、龙；来源标签 aquatic, relic, damagereference, cooldown"
pal_335,渊蛾卫,bz_van_335,Deadly,13,"Deadly, Radiant, Mossy, Shielded, Fiery, Golden, Heavy, Icy, Obsidian, Restorative, Shiny, Toxic, Turbo","召唤/水、雷；来源标签 aquatic, vehicle, weapon, damage, ammoreference"
pal_336,潮狮妖,bz_van_336,Deadly,13,"Deadly, Fiery, Obsidian, Golden, Heavy, Icy, Mossy, Radiant, Restorative, Shielded, Shiny, Toxic, Turbo","输出/水、雷；来源标签 aquatic, ammo"
pal_337,夜狐将,bz_van_337,Turbo,13,"Turbo, Deadly, Shiny, Fiery, Golden, Heavy, Icy, Mossy, Obsidian, Radiant, Restorative, Shielded, Toxic","机动/暗；来源标签 apparel, haste"
pal_338,寒蛇卫,bz_van_338,Icy,13,"Icy, Toxic, Obsidian, Deadly, Fiery, Golden, Heavy, Mossy, Radiant, Restorative, Shielded, Shiny, Turbo","控制/冰；来源标签 weapon, tool, damage, freeze"
pal_339,烬狮妖,bz_van_339,Fiery,13,"Fiery, Deadly, Obsidian, Golden, Heavy, Icy, Mossy, Radiant, Restorative, Shielded, Shiny, Toxic, Turbo",输出/火；来源标签 burn
pal_340,震貂将,bz_van_340,Icy,13,"Icy, Toxic, Obsidian, Deadly, Fiery, Golden, Heavy, Mossy, Radiant, Restorative, Shielded, Shiny, Turbo","控制/雷；来源标签 apparel, tech, crit, slow"
pal_341,闪燕卫,bz_van_341,Turbo,13,"Turbo, Deadly, Shiny, Fiery, Golden, Heavy, Icy, Mossy, Obsidian, Radiant, Restorative, Shielded, Toxic","机动/雷；来源标签 weapon, damage, ammo, haste"
pal_342,龙鲭精,bz_van_342,Deadly,13,"Deadly, Turbo, Shiny, Fiery, Golden, Heavy, Icy, Mossy, Obsidian, Radiant, Restorative, Shielded, Toxic","机动/龙；来源标签 weapon, vehicle, damage, flying"
pal_343,青鳗精,bz_van_343,Icy,13,"Icy, Toxic, Obsidian, Deadly, Fiery, Golden, Heavy, Mossy, Radiant, Restorative, Shielded, Shiny, Turbo","控制/草；来源标签 weapon, damage, slow"
pal_344,闪鲨妖,bz_van_344,Deadly,13,"Deadly, Fiery, Obsidian, Golden, Heavy, Icy, Mossy, Radiant, Restorative, Shielded, Shiny, Toxic, Turbo","输出/雷、龙；来源标签 apparel, relic, crit"
pal_345,震蝎将,bz_van_345,Icy,13,"Icy, Toxic, Obsidian, Deadly, Fiery, Golden, Heavy, Mossy, Radiant, Restorative, Shielded, Shiny, Turbo","控制/雷；来源标签 weapon, tech, damage, critreference, slowreference"
pal_346,螭蚕精,bz_van_346,Golden,13,"Golden, Shiny, Radiant, Deadly, Fiery, Heavy, Icy, Mossy, Obsidian, Restorative, Shielded, Toxic, Turbo","经济/龙；来源标签 relic, economyreference, value, damagereference"
pal_347,碧犀卫,bz_van_347,Icy,13,"Icy, Heavy, Shielded, Mossy, Deadly, Fiery, Golden, Obsidian, Radiant, Restorative, Shiny, Toxic, Turbo","坦克/水、地；来源标签 friend, aquatic, shield, hastereference, slowreference"
pal_348,烬隼精,bz_van_348,Fiery,13,"Fiery, Deadly, Obsidian, Golden, Heavy, Icy, Mossy, Radiant, Restorative, Shielded, Shiny, Toxic, Turbo","输出/火、雷；来源标签 weapon, damage, ammo, burnreference"
pal_349,电牦妖,bz_van_349,Shielded,13,"Shielded, Heavy, Mossy, Deadly, Fiery, Golden, Icy, Obsidian, Radiant, Restorative, Shiny, Toxic, Turbo","坦克/雷、地；来源标签 toy, shield, ammo"
pal_350,澜蝎卫,bz_van_350,Icy,13,"Icy, Toxic, Obsidian, Deadly, Fiery, Golden, Heavy, Mossy, Radiant, Restorative, Shielded, Shiny, Turbo","控制/水、龙；来源标签 aquatic, friend, weapon, damage, hastereference, slowreference"
pal_351,焰鲨精,bz_van_351,Fiery,13,"Fiery, Deadly, Obsidian, Golden, Heavy, Icy, Mossy, Radiant, Restorative, Shielded, Shiny, Toxic, Turbo","输出/火、雷；来源标签 apparel, tech, burn, critreference"
pal_352,麟蟾卫,bz_van_352,Deadly,13,"Deadly, Radiant, Mossy, Shielded, Fiery, Golden, Heavy, Icy, Obsidian, Restorative, Shiny, Toxic, Turbo","召唤/龙；来源标签 friend, damagereference, economyreference"
pal_353,汐雀王,bz_van_353,Turbo,13,"Turbo, Deadly, Shiny, Fiery, Golden, Heavy, Icy, Mossy, Obsidian, Radiant, Restorative, Shielded, Toxic","机动/水；来源标签 aquatic, weapon, tool, damage, haste"
pal_354,雷隼王,bz_van_354,Deadly,13,"Deadly, Fiery, Obsidian, Golden, Heavy, Icy, Mossy, Radiant, Restorative, Shielded, Shiny, Toxic, Turbo","输出/雷；来源标签 weapon, damage, ammo"
pal_355,森蛙侯,bz_van_355,Toxic,13,"Toxic, Icy, Obsidian, Deadly, Fiery, Golden, Heavy, Mossy, Radiant, Restorative, Shielded, Shiny, Turbo","控制/草、龙；来源标签 weapon, relic, damage, poison"
pal_356,焰鲨侯,bz_van_356,Fiery,13,"Fiery, Deadly, Obsidian, Golden, Heavy, Icy, Mossy, Radiant, Restorative, Shielded, Shiny, Toxic, Turbo","输出/火、雷；来源标签 weapon, damage, ammo, burnreference"
pal_357,霆鹰尊,bz_van_357,Deadly,13,"Deadly, Fiery, Obsidian, Golden, Heavy, Icy, Mossy, Radiant, Restorative, Shielded, Shiny, Toxic, Turbo","输出/雷；来源标签 weapon, damage"
pal_358,碧鹰尊,bz_van_358,Shiny,13,"Shiny, Deadly, Fiery, Obsidian, Golden, Heavy, Icy, Mossy, Radiant, Restorative, Shielded, Toxic, Turbo","输出/水；来源标签 aquatic, property"
pal_359,汐獒君,bz_van_359,Turbo,13,"Turbo, Heavy, Shielded, Mossy, Deadly, Fiery, Golden, Icy, Obsidian, Radiant, Restorative, Shiny, Toxic","坦克/水、雷；来源标签 aquatic, tool, apparel, shield, charge"
pal_360,潮蟒君,bz_van_360,Icy,13,"Icy, Toxic, Obsidian, Deadly, Fiery, Golden, Heavy, Mossy, Radiant, Restorative, Shielded, Shiny, Turbo","控制/水、雷；来源标签 aquatic, weapon, friend, damage, slow"
pal_361,燎蛙王,bz_van_361,Fiery,13,"Fiery, Icy, Toxic, Obsidian, Deadly, Golden, Heavy, Mossy, Radiant, Restorative, Shielded, Shiny, Turbo","控制/火、水；来源标签 property, aquatic, burn, slow"
pal_362,沙雀尊,bz_van_362,Turbo,13,"Turbo, Deadly, Shiny, Fiery, Golden, Heavy, Icy, Mossy, Obsidian, Radiant, Restorative, Shielded, Toxic",机动/地；来源标签 haste
pal_363,震鹰侯,bz_van_363,Deadly,13,"Deadly, Fiery, Obsidian, Golden, Heavy, Icy, Mossy, Radiant, Restorative, Shielded, Shiny, Toxic, Turbo","输出/雷；来源标签 weapon, damage, ammo"
pal_364,炎鹰侯,bz_van_364,Fiery,13,"Fiery, Deadly, Obsidian, Golden, Heavy, Icy, Mossy, Radiant, Restorative, Shielded, Shiny, Toxic, Turbo","输出/火；来源标签 weapon, damage, burnreference"
pal_365,沧蜂王,bz_van_365,Turbo,13,"Turbo, Deadly, Shiny, Fiery, Golden, Heavy, Icy, Mossy, Obsidian, Radiant, Restorative, Shielded, Toxic","机动/水、雷；来源标签 aquatic, vehicle, charge, cooldown"
pal_366,赤蝎君,bz_van_366,Fiery,13,"Fiery, Icy, Toxic, Obsidian, Deadly, Golden, Heavy, Mossy, Radiant, Restorative, Shielded, Shiny, Turbo","控制/火、冰；来源标签 friend, aquatic, weapon, relic, poisonreference, freezereference, burnreference, damage"
pal_367,青隼君,bz_van_367,Deadly,13,"Deadly, Fiery, Obsidian, Golden, Heavy, Icy, Mossy, Radiant, Restorative, Shielded, Shiny, Toxic, Turbo","输出/草；来源标签 weapon, damage"
pal_368,鸣鳗君,bz_van_368,Icy,13,"Icy, Toxic, Obsidian, Deadly, Fiery, Golden, Heavy, Mossy, Radiant, Restorative, Shielded, Shiny, Turbo","控制/雷；来源标签 tool, crit, cooldown, slowreference"
pal_369,雪蝎圣,bz_van_369,Icy,13,"Icy, Toxic, Obsidian, Deadly, Fiery, Golden, Heavy, Mossy, Radiant, Restorative, Shielded, Shiny, Turbo","控制/冰、水；来源标签 aquatic, property, freeze"
